Player,Age,Squad,Pos,Position_Group,Min,Minutes_Tier,Goals_per_90,Assists_per_90,Ensemble_Probability,Adjusted_Probability,Confidence,Minutes_Confidence,Combined_Confidence
Elliot Anderson,21.0,Nott'ham Forest,MF,MF,2728,Starter (20+ games),0.06598240469208211,0.19794721407624635,0.9564178381260601,0.9564178381260601,0.9564178381260601,1.0,0.9564178381260601
Florian Wirtz,21.0,Leverkusen,"MF,FW",MF,2351,Starter (20+ games),0.38281582305401957,0.4593789876648235,0.9552968968703103,0.9552968968703103,0.9552968968703103,1.0,0.9552968968703103
Lamine Yamal,17.0,Barcelona,FW,FW,2856,Starter (20+ games),0.28361344537815125,0.40966386554621853,0.9463449264322256,0.9463449264322256,0.9463449264322256,1.0,0.9463449264322256
Xavi Simons,21.0,RB Leipzig,MF,MF,2150,Starter (20+ games),0.41860465116279066,0.25116279069767444,0.9322058768588577,0.9322058768588577,0.9322058768588577,1.0,0.9322058768588577
Milos Kerkez,20.0,Bournemouth,DF,DF,3336,Starter (20+ games),0.0539568345323741,0.13489208633093525,0.9318945129883244,0.9318945129883244,0.9318945129883244,1.0,0.9318945129883244
Paul Nebel,21.0,Mainz 05,MF,MF,2345,Starter (20+ games),0.3837953091684435,0.15351812366737738,0.9309653666063242,0.9309653666063242,0.9309653666063242,1.0,0.9309653666063242
Guela Doué,21.0,Strasbourg,DF,DF,2717,Starter (20+ games),0.03312476996687523,0.06624953993375046,0.9279817157257902,0.9279817157257902,0.9279817157257902,1.0,0.9279817157257902
Javier Guerra,21.0,Valencia,MF,MF,2581,Starter (20+ games),0.10461061604029447,0.10461061604029447,0.925199857262266,0.925199857262266,0.925199857262266,1.0,0.925199857262266
Mateus Fernandes,20.0,Southampton,MF,MF,2909,Starter (20+ games),0.061876933654176694,0.12375386730835339,0.9247654291209056,0.9247654291209056,0.9247654291209056,1.0,0.9247654291209056
Tom Bischof,19.0,Hoffenheim,"MF,FW",MF,2559,Starter (20+ games),0.17584994138335286,0.07033997655334115,0.9244997185775057,0.9244997185775057,0.9244997185775057,1.0,0.9244997185775057
Joe Scally,21.0,Gladbach,DF,DF,2578,Starter (20+ games),0.0,0.0,0.911211327596476,0.911211327596476,0.911211327596476,1.0,0.911211327596476
Rayan Cherki,20.0,Lyon,"FW,MF",MF,2041,Starter (20+ games),0.3527682508574228,0.48505634492895644,0.9099779689224732,0.9099779689224732,0.9099779689224732,1.0,0.9099779689224732
Jude Bellingham,21.0,Real Madrid,MF,MF,2488,Starter (20+ games),0.3255627009646302,0.28938906752411575,0.9046856178187863,0.9046856178187863,0.9046856178187863,1.0,0.9046856178187863
Valentino Livramento,21.0,Newcastle Utd,DF,DF,2840,Starter (20+ games),0.0,0.03169014084507042,0.9034647160092765,0.9034647160092765,0.9034647160092765,1.0,0.9034647160092765
Diego Moreira,19.0,Strasbourg,"DF,MF",DF,2568,Starter (20+ games),0.07009345794392523,0.24532710280373832,0.9025429551703777,0.9025429551703777,0.9025429551703777,1.0,0.9025429551703777
Omar El Hilali,20.0,Espanyol,DF,DF,3153,Starter (20+ games),0.0,0.05708848715509039,0.9013759669466009,0.9013759669466009,0.9013759669466009,1.0,0.9013759669466009
Nicolás Paz,19.0,Como,"MF,FW",MF,2687,Starter (20+ games),0.20096762188314105,0.2679568291775214,0.8985289688201519,0.8985289688201519,0.8985289688201519,1.0,0.8985289688201519
Pedri,21.0,Barcelona,MF,MF,2879,Starter (20+ games),0.12504341785342132,0.15630427231677665,0.8974316957013937,0.8974316957013937,0.8974316957013937,1.0,0.8974316957013937
Andy Diouf,21.0,Lens,MF,MF,2225,Starter (20+ games),0.040449438202247195,0.08089887640449439,0.894160209372863,0.894160209372863,0.894160209372863,1.0,0.894160209372863
Lewis Hall,19.0,Newcastle Utd,DF,DF,2189,Starter (20+ games),0.0,0.16445865692096848,0.8917466722580818,0.8917466722580818,0.8917466722580818,1.0,0.8917466722580818
Jamal Musiala,21.0,Bayern Munich,MF,MF,1798,Regular (10-20 games),0.6006674082313682,0.10011123470522804,0.8822931023109076,0.8819990046101374,0.8822931023109076,0.9996666666666667,0.8819990046101374
Arnau Martinez,21.0,Girona,"DF,MF",DF,2624,Starter (20+ games),0.06859756097560976,0.06859756097560976,0.8790449973149091,0.8790449973149091,0.8790449973149091,1.0,0.8790449973149091
Dilane Bakwa,21.0,Strasbourg,"MF,DF",DF,2497,Starter (20+ games),0.21625951141369643,0.2883460152182619,0.8732791673780639,0.8732791673780639,0.8732791673780639,1.0,0.8732791673780639
Warren Zaïre-Emery,18.0,Paris S-G,"MF,DF",DF,2050,Starter (20+ games),0.04390243902439024,0.08780487804878048,0.8721342729271331,0.8721342729271331,0.8721342729271331,1.0,0.8721342729271331
Illia Zabarnyi,21.0,Bournemouth,DF,DF,3109,Starter (20+ games),0.0,0.02894821486008363,0.8681004778397167,0.8681004778397167,0.8681004778397167,1.0,0.8681004778397167
Pablo Barrios,21.0,Atlético Madrid,MF,MF,2330,Starter (20+ games),0.03862660944206008,0.15450643776824033,0.8671708377156376,0.8671708377156376,0.8671708377156376,1.0,0.8671708377156376
Alberto Moleiro,20.0,Las Palmas,"FW,MF",MF,2714,Starter (20+ games),0.19896831245394253,0.03316138540899042,0.8623417897593023,0.8623417897593023,0.8623417897593023,1.0,0.8623417897593023
Bradley Barcola,21.0,Paris S-G,FW,FW,2181,Starter (20+ games),0.5777166437414031,0.4126547455295736,0.8606720782139896,0.8606720782139896,0.8606720782139896,1.0,0.8606720782139896
Lamine Camara,20.0,Monaco,MF,MF,2054,Starter (20+ games),0.08763388510223953,0.3067185978578384,0.8603487869484845,0.8603487869484845,0.8603487869484845,1.0,0.8603487869484845
Malo Gusto,21.0,Chelsea,DF,DF,1862,Starter (20+ games),0.0,0.048335123523093444,0.8595100446877157,0.8595100446877157,0.8595100446877157,1.0,0.8595100446877157
Kenan Yıldız,19.0,Juventus,"FW,MF",MF,2402,Starter (20+ games),0.2622814321398834,0.1498751040799334,0.8593560541679536,0.8593560541679536,0.8593560541679536,1.0,0.8593560541679536
Andrey Santos,20.0,Strasbourg,MF,MF,2855,Starter (20+ games),0.3152364273204904,0.09457092819614712,0.8590204702143196,0.8590204702143196,0.8590204702143196,1.0,0.8590204702143196
Alejandro Balde,20.0,Barcelona,DF,DF,2284,Starter (20+ games),0.0,0.1576182136602452,0.8583352559242929,0.8583352559242929,0.8583352559242929,1.0,0.8583352559242929
Alejandro Garnacho,20.0,Manchester Utd,"MF,FW",MF,2199,Starter (20+ games),0.24556616643929058,0.08185538881309685,0.8481840840067717,0.8481840840067717,0.8481840840067717,1.0,0.8481840840067717
Alessandro Bianco,21.0,Monza,MF,MF,2600,Starter (20+ games),0.03461538461538462,0.0,0.8463715671329892,0.8463715671329892,0.8463715671329892,1.0,0.8463715671329892
Désiré Doué,19.0,Paris S-G,"FW,MF",MF,1730,Regular (10-20 games),0.31213872832369943,0.31213872832369943,0.8555935766090237,0.8456116515485851,0.8555935766090237,0.9883333333333333,0.8456116515485851
Omari Hutchinson,20.0,Ipswich Town,"MF,FW",MF,2583,Starter (20+ games),0.10452961672473868,0.06968641114982578,0.8419258025929168,0.8419258025929168,0.8419258025929168,1.0,0.8419258025929168
Dean Huijsen,19.0,Bournemouth,DF,DF,2427,Starter (20+ games),0.11124845488257107,0.07416563658838071,0.8373903349678226,0.8373903349678226,0.8373903349678226,1.0,0.8373903349678226
Giuliano Simeone,21.0,Atlético Madrid,MF,MF,1926,Starter (20+ games),0.09345794392523364,0.2803738317757009,0.835158742516296,0.835158742516296,0.835158742516296,1.0,0.835158742516296
Javi Rodríguez,21.0,Celta Vigo,DF,DF,2514,Starter (20+ games),0.10739856801909309,0.07159904534606205,0.8336268659979769,0.8336268659979769,0.8336268659979769,1.0,0.8336268659979769
João Neves,19.0,Paris S-G,"MF,DF",DF,1844,Starter (20+ games),0.14642082429501085,0.39045553145336226,0.8243283655658719,0.8243283655658719,0.8243283655658719,1.0,0.8243283655658719
Bilal El Khannouss,20.0,Leicester City,"MF,FW",MF,2182,Starter (20+ games),0.08249312557286893,0.12373968835930338,0.8242569216572366,0.8242569216572366,0.8242569216572366,1.0,0.8242569216572366
Pau Cubarsí,17.0,Barcelona,DF,DF,2618,Starter (20+ games),0.0,0.10313216195569137,0.8194417633113659,0.8194417633113659,0.8194417633113659,1.0,0.8194417633113659
Victor Bernth Kristiansen,21.0,Leicester City,DF,DF,2482,Starter (20+ games),0.0,0.0362610797743755,0.8189080368509477,0.8189080368509477,0.8189080368509477,1.0,0.8189080368509477
Cristhian Mosquera,20.0,Valencia,DF,DF,3319,Starter (20+ games),0.027116601385959626,0.0,0.8152299048612122,0.8152299048612122,0.8152299048612122,1.0,0.8152299048612122
Carlos Baleba,20.0,Brighton,MF,MF,2661,Starter (20+ games),0.10146561443066515,0.033821871476888386,0.8150838698923638,0.8150838698923638,0.8150838698923638,1.0,0.8150838698923638
Eliesse Ben Seghir,19.0,Monaco,"MF,FW",MF,1750,Regular (10-20 games),0.30857142857142855,0.15428571428571428,0.8170814885183636,0.810272476114044,0.8170814885183636,0.9916666666666667,0.810272476114044
Habib Diarra,20.0,Strasbourg,"MF,FW",MF,2352,Starter (20+ games),0.15306122448979592,0.19132653061224492,0.8083620087340349,0.8083620087340349,0.8083620087340349,1.0,0.8083620087340349
Destiny Udogie,21.0,Tottenham,DF,DF,1924,Starter (20+ games),0.0,0.04677754677754678,0.805960015929868,0.805960015929868,0.805960015929868,1.0,0.805960015929868
Konstantinos Koulierakis,20.0,Wolfsburg,DF,DF,2468,Starter (20+ games),0.0,0.07293354943273905,0.8001475973839217,0.8001475973839217,0.8001475973839217,1.0,0.8001475973839217
Matìas Soulé,21.0,Roma,"MF,DF",DF,1781,Regular (10-20 games),0.25266704098820886,0.25266704098820886,0.7939377420070197,0.7914236058239975,0.7939377420070197,0.9968333333333333,0.7914236058239975
Matthis Abline,21.0,Nantes,FW,FW,2768,Starter (20+ games),0.29263005780346824,0.06502890173410404,0.790526205079114,0.790526205079114,0.790526205079114,1.0,0.790526205079114
Sávio,20.0,Manchester City,"FW,MF",MF,1766,Regular (10-20 games),0.05096262740656852,0.40770101925254815,0.7921440374536749,0.7876552212414374,0.7921440374536749,0.9943333333333333,0.7876552212414374
Raúl Moro,21.0,Valladolid,"MF,FW",MF,2341,Starter (20+ games),0.1537804357112345,0.19222554463904315,0.7874997302221207,0.7874997302221207,0.7874997302221207,1.0,0.7874997302221207
Levi Colwill,21.0,Chelsea,DF,DF,3149,Starter (20+ games),0.057161003493172435,0.028580501746586218,0.7811900515622888,0.7811900515622888,0.7811900515622888,1.0,0.7811900515622888
Yeremi Pino,21.0,Villarreal,"MF,FW",MF,1934,Starter (20+ games),0.1861427094105481,0.32574974146845914,0.780228627571614,0.780228627571614,0.780228627571614,1.0,0.780228627571614
Hugo Álvarez,21.0,Celta Vigo,"MF,DF",DF,1572,Regular (10-20 games),0.22900763358778628,0.17175572519083968,0.808577604058498,0.777851655104275,0.808577604058498,0.962,0.777851655104275
Rico Lewis,19.0,Manchester City,"DF,MF",DF,1893,Starter (20+ games),0.04754358161648178,0.09508716323296355,0.7747294449194893,0.7747294449194893,0.7747294449194893,1.0,0.7747294449194893
Ismaël Doukouré,21.0,Strasbourg,"DF,MF",DF,2639,Starter (20+ games),0.034103827207275485,0.034103827207275485,0.7744816354978273,0.7744816354978273,0.7744816354978273,1.0,0.7744816354978273
Nathaniel Brown,21.0,Eint Frankfurt,"DF,MF",DF,1947,Starter (20+ games),0.13867488443759632,0.27734976887519264,0.7653074322875589,0.7653074322875589,0.7653074322875589,1.0,0.7653074322875589
Charlie Cresswell,21.0,Toulouse,DF,DF,2592,Starter (20+ games),0.10416666666666666,0.034722222222222224,0.7609591652478369,0.7609591652478369,0.7609591652478369,1.0,0.7609591652478369
Christantus Uche,21.0,Getafe,"FW,MF",MF,2486,Starter (20+ games),0.14481094127111827,0.21721641190667737,0.7606122456301656,0.7606122456301656,0.7606122456301656,1.0,0.7606122456301656
Hákon Arnar Haraldsson,21.0,Lille,"MF,FW",MF,1755,Regular (10-20 games),0.25641025641025644,0.15384615384615385,0.763374907946363,0.7576495961367652,0.763374907946363,0.9924999999999999,0.7576495961367652
Benjamin Šeško,21.0,RB Leipzig,"FW,MF",MF,2380,Starter (20+ games),0.49159663865546216,0.18907563025210083,0.7530395156712905,0.7530395156712905,0.7530395156712905,1.0,0.7530395156712905
Jamie Gittens,19.0,Dortmund,"FW,MF",MF,1776,Regular (10-20 games),0.40540540540540543,0.15202702702702703,0.7552942643051154,0.7522730872478949,0.7552942643051154,0.996,0.7522730872478949
Pape Matar Sarr,21.0,Tottenham,MF,MF,1913,Starter (20+ games),0.1411395713538944,0.09409304756926293,0.739836002839812,0.739836002839812,0.739836002839812,1.0,0.739836002839812
Lucas Beraldo,20.0,Paris S-G,DF,DF,2011,Starter (20+ games),0.04475385380407757,0.0,0.7367783732808938,0.7367783732808938,0.7367783732808938,1.0,0.7367783732808938
Nicolò Savona,21.0,Juventus,DF,DF,1724,Regular (10-20 games),0.10440835266821345,0.052204176334106726,0.7366874038953074,0.7273560301126335,0.7366874038953074,0.9873333333333333,0.7273560301126335
Valentin Atangana Edoa,18.0,Reims,MF,MF,2854,Starter (20+ games),0.03153468815697267,0.0,0.725665868772217,0.725665868772217,0.725665868772217,1.0,0.725665868772217
Zion Suzuki,21.0,Parma,GK,GK,3314,Starter (20+ games),0.0,0.0,0.724831405190741,0.724831405190741,0.724831405190741,1.0,0.724831405190741
Ange-Yoan Bonny,20.0,Parma,FW,FW,2529,Starter (20+ games),0.21352313167259787,0.1423487544483986,0.7169031373776982,0.7169031373776982,0.7169031373776982,1.0,0.7169031373776982
Enzo Tchato,21.0,Montpellier,DF,DF,1899,Starter (20+ games),0.0,0.0,0.7160994701300845,0.7160994701300845,0.7160994701300845,1.0,0.7160994701300845
Ilaix Moriba,21.0,Celta Vigo,MF,MF,2132,Starter (20+ games),0.04221388367729831,0.04221388367729831,0.7133559077053847,0.7133559077053847,0.7133559077053847,1.0,0.7133559077053847
Máximo Perrone,21.0,Como,MF,MF,1857,Starter (20+ games),0.0,0.14539579967689822,0.711717231864293,0.711717231864293,0.711717231864293,1.0,0.711717231864293
Liam Delap,21.0,Ipswich Town,FW,FW,2593,Starter (20+ games),0.4165059776320864,0.06941766293868107,0.7085298970270586,0.7085298970270586,0.7085298970270586,1.0,0.7085298970270586
Mamadou Sarr,18.0,Strasbourg,DF,DF,2365,Starter (20+ games),0.0,0.03805496828752643,0.7070395739403058,0.7070395739403058,0.7070395739403058,1.0,0.7070395739403058
Gaetano Oristanio,21.0,Venezia,"FW,MF",MF,2315,Starter (20+ games),0.11663066954643629,0.11663066954643629,0.7056876242086267,0.7056876242086267,0.7056876242086267,1.0,0.7056876242086267
Diego Coppola,20.0,Hellas Verona,DF,DF,2927,Starter (20+ games),0.061496412709258624,0.0,0.6988620057284727,0.6988620057284727,0.6988620057284727,1.0,0.6988620057284727
Bart Verbruggen,21.0,Brighton,GK,GK,3240,Starter (20+ games),0.0,0.027777777777777776,0.6946564063371361,0.6946564063371361,0.6946564063371361,1.0,0.6946564063371361
Patrick Dorgu,19.0,Lecce,"DF,FW",DF,1840,Starter (20+ games),0.1467391304347826,0.04891304347826087,0.6935625713943804,0.6935625713943804,0.6935625713943804,1.0,0.6935625713943804
Pietro Comuzzo,19.0,Fiorentina,DF,DF,2110,Starter (20+ games),0.04265402843601896,0.0,0.6819577559282236,0.6819577559282236,0.6819577559282236,1.0,0.6819577559282236
Thierno Barry,21.0,Villarreal,FW,FW,2323,Starter (20+ games),0.42617305208781747,0.15497201894102453,0.6799090958951339,0.6799090958951339,0.6799090958951339,1.0,0.6799090958951339
Luka Sučić,21.0,Real Sociedad,MF,MF,1792,Regular (10-20 games),0.05022321428571428,0.05022321428571428,0.6687899517620022,0.6678982318263195,0.6687899517620022,0.9986666666666666,0.6678982318263195
Hugo Larsson,20.0,Eint Frankfurt,MF,MF,2393,Starter (20+ games),0.11282908483075636,0.03760969494358546,0.6652908033624259,0.6652908033624259,0.6652908033624259,1.0,0.6652908033624259
Yankuba Minteh,20.0,Brighton,"FW,MF",MF,1838,Starter (20+ games),0.29379760609357997,0.19586507072905332,0.6644819231137334,0.6644819231137334,0.6644819231137334,1.0,0.6644819231137334
Lucas Stassin,19.0,Saint-Étienne,FW,FW,1887,Starter (20+ games),0.5723370429252782,0.1907790143084261,0.6617458905164065,0.6617458905164065,0.6617458905164065,1.0,0.6617458905164065
Tom Rothe,19.0,Union Berlin,"DF,MF",DF,1670,Regular (10-20 games),0.16167664670658682,0.16167664670658682,0.6760142839686932,0.6613673078160381,0.6760142839686932,0.9783333333333333,0.6613673078160381
Malick Fofana,19.0,Lyon,FW,FW,1589,Regular (10-20 games),0.28319697923222154,0.22655758338577722,0.6847381597341318,0.6606582011168148,0.6847381597341318,0.9648333333333333,0.6606582011168148
Mohamed Ali Cho,20.0,Nice,"FW,MF",MF,1621,Regular (10-20 games),0.16656384947563233,0.22208513263417645,0.6762353702810739,0.6560610150676885,0.6762353702810739,0.9701666666666666,0.6560610150676885
Félix Lemaréchal,20.0,Strasbourg,"MF,FW",MF,1779,Regular (10-20 games),0.20236087689713322,0.15177065767284992,0.6575736220656273,0.6552721143883976,0.6575736220656273,0.9964999999999999,0.6552721143883976
Aleksandar Pavlovic,20.0,Bayern Munich,MF,MF,1451,Regular (10-20 games),0.06202618883528601,0.0,0.6923598824764564,0.6520876159790758,0.6923598824764564,0.9418333333333333,0.6520876159790758
Yasin Ayari,20.0,Brighton,MF,MF,1965,Starter (20+ games),0.0916030534351145,0.04580152671755725,0.6487681947512702,0.6487681947512702,0.6487681947512702,1.0,0.6487681947512702
Castello Lukeba,21.0,RB Leipzig,DF,DF,1577,Regular (10-20 games),0.0,0.0,0.6697582864691023,0.6448656034886673,0.6697582864691023,0.9628333333333333,0.6448656034886673
Marc Casado,20.0,Barcelona,MF,MF,1611,Regular (10-20 games),0.055865921787709494,0.16759776536312848,0.662198430950798,0.6413391803758478,0.662198430950798,0.9684999999999999,0.6413391803758478
Tyler Dibling,18.0,Southampton,"FW,MF",MF,1874,Starter (20+ games),0.096051227321238,0.0,0.6371064539121584,0.6371064539121584,0.6371064539121584,1.0,0.6371064539121584
Paul Wanner,18.0,Heidenheim,"MF,FW",MF,1771,Regular (10-20 games),0.15245623941276115,0.10163749294184077,0.6342136424010154,0.6311482764627439,0.6342136424010154,0.9951666666666666,0.6311482764627439
Rasmus Højlund,21.0,Manchester Utd,FW,FW,2004,Starter (20+ games),0.17964071856287422,0.0,0.6309706202230588,0.6309706202230588,0.6309706202230588,1.0,0.6309706202230588
Emanuel Emegha,21.0,Strasbourg,FW,FW,2293,Starter (20+ games),0.5494984736153511,0.11774967291757524,0.6309189678792029,0.6309189678792029,0.6309189678792029,1.0,0.6309189678792029
Johann Lepenant,21.0,Nantes,MF,MF,2048,Starter (20+ games),0.087890625,0.0439453125,0.628651221022728,0.628651221022728,0.628651221022728,1.0,0.628651221022728
Assane Diao,18.0,Como,"FW,MF",MF,1252,Regular (10-20 games),0.5750798722044728,0.0718849840255591,0.6701983312121739,0.6089868836281286,0.6701983312121739,0.9086666666666666,0.6089868836281286
Mikel Jauregizar,20.0,Athletic Club,MF,MF,2244,Starter (20+ games),0.08021390374331551,0.040106951871657755,0.6084623650428818,0.6084623650428818,0.6084623650428818,1.0,0.6084623650428818
Archie Gray,18.0,Tottenham,"DF,MF",DF,1751,Regular (10-20 games),0.0,0.0,0.6088271771363428,0.6038550885230627,0.6088271771363428,0.9918333333333333,0.6038550885230627
Facundo Buonanotte,19.0,Leicester City,"FW,MF",MF,1523,Regular (10-20 games),0.29546946815495734,0.11818778726198292,0.6129399281665944,0.5846425348162366,0.6129399281665944,0.9538333333333333,0.5846425348162366
Antonio Nusa,19.0,RB Leipzig,"MF,DF",DF,1558,Regular (10-20 games),0.17329910141206675,0.17329910141206675,0.6057160017637658,0.581285456359294,0.6057160017637658,0.9596666666666667,0.581285456359294
Saba Goglichidze,20.0,Empoli,DF,DF,2539,Starter (20+ games),0.0,0.035447026388341865,0.5803383637581057,0.5803383637581057,0.5803383637581057,1.0,0.5803383637581057
Arda Güler,19.0,Real Madrid,"MF,FW",MF,1250,Regular (10-20 games),0.21599999999999997,0.28800000000000003,0.6330606385056273,0.5750300799759448,0.6330606385056273,0.9083333333333333,0.5750300799759448
Maximilian Beier,21.0,Dortmund,"FW,MF",MF,1591,Regular (10-20 games),0.4525455688246386,0.28284098051539913,0.5937986061620775,0.5731146213807651,0.5937986061620775,0.9651666666666666,0.5731146213807651
Oumar Diakité,20.0,Reims,FW,FW,1628,Regular (10-20 games),0.22113022113022113,0.05528255528255528,0.5894421285756102,0.5725447875564427,0.5894421285756102,0.9713333333333333,0.5725447875564427
Santiago Castro,19.0,Bologna,FW,FW,2294,Starter (20+ games),0.31386224934612034,0.15693112467306017,0.5665316927192722,0.5665316927192722,0.5665316927192722,1.0,0.5665316927192722
Fabio Miretti,20.0,Genoa,"MF,FW",MF,1677,Regular (10-20 games),0.16100178890876565,0.16100178890876565,0.5766770187873422,0.5648551399022017,0.5766770187873422,0.9794999999999999,0.5648551399022017
Raúl Asencio,21.0,Real Madrid,DF,DF,1670,Regular (10-20 games),0.0,0.05389221556886228,0.571566093971231,0.5591821619351877,0.571566093971231,0.9783333333333333,0.5591821619351877
Jack Hinshelwood,19.0,Brighton,"MF,DF",DF,1842,Starter (20+ games),0.24429967426710097,0.09771986970684039,0.5538462093277378,0.5538462093277378,0.5538462093277378,1.0,0.5538462093277378
Jacopo Fazzini,21.0,Empoli,MF,MF,1383,Regular (10-20 games),0.2603036876355748,0.0650759219088937,0.5948267012438188,0.5534862455073734,0.5948267012438188,0.9305,0.5534862455073734
Williot Swedberg,20.0,Celta Vigo,"FW,MF",MF,1348,Regular (10-20 games),0.26706231454005935,0.3338278931750742,0.5945114405131643,0.5497249119945059,0.5945114405131643,0.9246666666666666,0.5497249119945059
Yaser Asprilla,20.0,Girona,"FW,MF",MF,1405,Regular (10-20 games),0.1921708185053381,0.06405693950177936,0.5840226101416145,0.5455744549739582,0.5840226101416145,0.9341666666666666,0.5455744549739582
Lukas Ullrich,20.0,Gladbach,DF,DF,1903,Starter (20+ games),0.04729374671571203,0.09458749343142406,0.5454515700785839,0.5454515700785839,0.5454515700785839,1.0,0.5454515700785839
Francisco Conceição,21.0,Juventus,"FW,MF",MF,1340,Regular (10-20 games),0.20149253731343283,0.20149253731343283,0.580682007365887,0.5361630534678357,0.580682007365887,0.9233333333333333,0.5361630534678357
Tim Oermann,20.0,Bochum,DF,DF,2213,Starter (20+ games),0.0,0.08133755083596927,0.535128534676907,0.535128534676907,0.535128534676907,1.0,0.535128534676907
Yunus Musah,21.0,Milan,"MF,FW",MF,1571,Regular (10-20 games),0.0,0.11457670273711011,0.555729261893446,0.5345189283978461,0.555729261893446,0.9618333333333333,0.5345189283978461
Fermin López,21.0,Barcelona,"MF,FW",MF,1252,Regular (10-20 games),0.43130990415335463,0.35942492012779553,0.5869489393584737,0.5333409362303997,0.5869489393584737,0.9086666666666666,0.5333409362303997
Nnamdi Collins,20.0,Eint Frankfurt,DF,DF,1489,Regular (10-20 games),0.06044325050369376,0.06044325050369376,0.5549274907713209,0.5261637491663407,0.5549274907713209,0.9481666666666666,0.5261637491663407
Benjamín Domínguez,20.0,Bologna,FW,FW,1281,Regular (10-20 games),0.2107728337236534,0.1405152224824356,0.5736754666483166,0.5240525387832372,0.5736754666483166,0.9135,0.5240525387832372
Hugo Sotelo,20.0,Celta Vigo,MF,MF,1254,Regular (10-20 games),0.0,0.0,0.576498622979727,0.5240372482885719,0.576498622979727,0.909,0.5240372482885719
Kobbie Mainoo,19.0,Manchester Utd,MF,MF,1651,Regular (10-20 games),0.0,0.0,0.5347514201682492,0.5214717599007376,0.5347514201682492,0.9751666666666666,0.5214717599007376
Vitor Roque,19.0,Betis,FW,FW,1235,Regular (10-20 games),0.291497975708502,0.0,0.5724108017335033,0.5185087845702651,0.5724108017335033,0.9058333333333333,0.5185087845702651
Julio Enciso,20.0,Ipswich Town,"MF,FW",MF,869,Moderate (5-10 games),0.20713463751438435,0.3107019562715765,0.6046625049090121,0.5077149499552671,0.6046625049090121,0.8396666666666666,0.5077149499552671
Juanlu Sánchez,20.0,Sevilla,"MF,DF",DF,1722,Regular (10-20 games),0.20905923344947736,0.20905923344947736,0.5126585100121974,0.5059939493820389,0.5126585100121974,0.987,0.5059939493820389
Daniele Ghilardi,21.0,Hellas Verona,DF,DF,2029,Starter (20+ games),0.0,0.0,0.5004433830836826,0.5004433830836826,0.5004433830836826,1.0,0.5004433830836826
Leopold Querfeld,20.0,Union Berlin,DF,DF,1747,Regular (10-20 games),0.1030337721808815,0.1030337721808815,0.5016798303139945,0.4972483251462209,0.5016798303139945,0.9911666666666666,0.4972483251462209
Jesus Rodríguez,18.0,Betis,FW,FW,1111,Regular (10-20 games),0.162016201620162,0.0,0.559409841446035,0.4951709446533153,0.559409841446035,0.8851666666666667,0.4951709446533153
Rabby Nzingoula,18.0,Montpellier,MF,MF,1689,Regular (10-20 games),0.05328596802841918,0.0,0.5038915901676991,0.4945695957495967,0.5038915901676991,0.9815,0.4945695957495967
Dario Essugo,19.0,Las Palmas,MF,MF,1938,Starter (20+ games),0.04643962848297213,0.0,0.48790799258319995,0.48790799258319995,0.5120920074168,1.0,0.5120920074168
Nathan Zeze,19.0,Nantes,DF,DF,1512,Regular (10-20 games),0.0,0.0,0.49062961638466485,0.46707939479820093,0.5093703836153352,0.952,0.484920605201799
Christian Mawissa,19.0,Monaco,DF,DF,1501,Regular (10-20 games),0.0,0.0,0.48954856199426644,0.4651527253215521,0.5104514380057336,0.9501666666666666,0.4850139413451145
Mika Biereth,21.0,Monaco,FW,FW,1228,Regular (10-20 games),0.9527687296416938,0.1465798045602606,0.5099324778308961,0.4613189149443507,0.5099324778308961,0.9046666666666666,0.4613189149443507
Matias Fernandez-Pardo,19.0,Lille,"FW,MF",MF,1065,Regular (10-20 games),0.3380281690140845,0.16901408450704225,0.5257187445172723,0.4613181983139064,0.5257187445172723,0.8775,0.4613181983139064
Mario Martín,20.0,Valladolid,MF,MF,1748,Regular (10-20 games),0.0,0.05148741418764302,0.4616431853740254,0.4576422777674505,0.5383568146259746,0.9913333333333333,0.5336910555658828
Kévin Danois,20.0,Auxerre,MF,MF,1460,Regular (10-20 games),0.0,0.0,0.4812866724358918,0.45401376099785795,0.5187133275641083,0.9433333333333334,0.48931957233547546
Armindo Sieb,21.0,Mainz 05,"FW,MF",MF,762,Moderate (5-10 games),0.23622047244094488,0.23622047244094488,0.5620120939167166,0.4518577235090401,0.5620120939167166,0.8039999999999999,0.4518577235090401
Ethan Nwaneri,17.0,Arsenal,"FW,MF",MF,895,Moderate (5-10 games),0.40223463687150834,0.20111731843575417,0.5323330745859111,0.45159589160704783,0.5323330745859111,0.8483333333333333,0.45159589160704783
Unai Gómez,21.0,Athletic Club,"MF,FW",MF,1284,Regular (10-20 games),0.07009345794392523,0.2102803738317757,0.4881071048479164,0.44612989383099555,0.5118928951520836,0.9139999999999999,0.4678701061690044
Arthur Atta,21.0,Udinese,"MF,FW",MF,1251,Regular (10-20 games),0.0,0.07194244604316546,0.4896622173373505,0.4448581244509829,0.5103377826626495,0.9085,0.4636418755490171
Pablo Marín,21.0,Real Sociedad,MF,MF,1239,Regular (10-20 games),0.07263922518159806,0.14527845036319612,0.4868651975925155,0.4413433016176153,0.5131348024074844,0.9065,0.4651566983823846
Kamory Doumbia,21.0,Brest,"MF,FW",MF,1322,Regular (10-20 games),0.2042360060514372,0.1361573373676248,0.4790089548948715,0.4408479081549134,0.5209910451051285,0.9203333333333333,0.4794854251784199
Mathys Tel,19.0,Tottenham,FW,FW,911,Regular (10-20 games),0.19758507135016465,0.09879253567508232,0.5091977538082333,0.43375161995231337,0.5091977538082333,0.8518333333333333,0.43375161995231337
Badredine Bouanani,19.0,Nice,"MF,FW",MF,1099,Regular (10-20 games),0.2456778889899909,0.2456778889899909,0.4894732124470733,0.4322864254595069,0.5105267875529267,0.8831666666666667,0.45088024120715975
Jon Rowe,21.0,Marseille,"FW,MF",MF,807,Moderate (5-10 games),0.33457249070631967,0.33457249070631967,0.5126502198146611,0.4198605300282074,0.5126502198146611,0.819,0.4198605300282074
Giovanni Fabbian,21.0,Bologna,MF,MF,1023,Regular (10-20 games),0.26392961876832843,0.08797653958944282,0.4820327989592268,0.4196095514940069,0.5179672010407732,0.8704999999999999,0.450890448505993
Mert Kömür,19.0,Augsburg,MF,MF,654,Moderate (5-10 games),0.27522935779816515,0.13761467889908258,0.5426494581078048,0.4167547838267941,0.5426494581078048,0.7679999999999999,0.4167547838267941
Ernest Nuamah,20.0,Lyon,"FW,MF",MF,1052,Regular (10-20 games),0.2566539923954373,0.08555133079847908,0.47572503956764706,0.4164179846348804,0.5242749604323529,0.8753333333333333,0.45891534869845285
Bazoumana Touré,18.0,Hoffenheim,"FW,MF",MF,609,Moderate (5-10 games),0.0,0.4433497536945813,0.5478178860161798,0.41250686817018334,0.5478178860161798,0.753,0.41250686817018334
Nelson Weiper,19.0,Mainz 05,"FW,MF",MF,704,Moderate (5-10 games),0.38352272727272724,0.2556818181818182,0.5094803784710737,0.39977227030696916,0.5094803784710737,0.7846666666666666,0.39977227030696916
Guillaume Restes,19.0,Toulouse,GK,GK,2543,Starter (20+ games),0.0,0.03539127015336217,0.39897421953091533,0.39897421953091533,0.6010257804690846,1.0,0.6010257804690846
Wilson Odobert,19.0,Tottenham,"FW,MF",MF,850,Moderate (5-10 games),0.10588235294117646,0.0,0.4764233988595555,0.3970194990496295,0.5235766011404446,0.8333333333333333,0.4363138342837038
Álvaro Rodríguez,20.0,Getafe,FW,FW,852,Moderate (5-10 games),0.2112676056338028,0.0,0.46460705205974867,0.38748228141783037,0.5353929479402513,0.834,0.44651771858216954
El Chadaille Bitshiabu,19.0,RB Leipzig,DF,DF,1130,Regular (10-20 games),0.0,0.0,0.4343673554758686,0.3858630007810632,0.5656326445241314,0.8883333333333333,0.50247033255227
Valentín Barco,20.0,Strasbourg,"MF,DF",DF,1157,Regular (10-20 games),0.0,0.15557476231633535,0.4317638092112069,0.38549312099073924,0.5682361907887932,0.8928333333333334,0.5073402123425942
Brajan Gruda,20.0,Brighton,"MF,FW",MF,687,Moderate (5-10 games),0.13100436681222707,0.5240174672489083,0.48761579299481517,0.37985270274296096,0.5123842070051848,0.7789999999999999,0.39914729725703896
Antoine Joujou,21.0,Le Havre,"MF,FW",MF,943,Regular (10-20 games),0.0,0.19088016967126195,0.4377250531179379,0.37520332469759243,0.562274946882062,0.8571666666666666,0.48196334196907414
Warren Bondo,20.0,Monza,MF,MF,1618,Regular (10-20 games),0.0,0.0,0.38580827123157513,0.3741054203375507,0.6141917287684249,0.9696666666666667,0.595561246329116
Mohamed Meité,16.0,Rennes,FW,FW,544,Moderate (5-10 games),0.33088235294117646,0.0,0.5106257917181122,0.3734376623431793,0.5106257917181122,0.7313333333333333,0.3734376623431793
Reda Belahyane,20.0,Hellas Verona,MF,MF,1658,Regular (10-20 games),0.0,0.10856453558504221,0.3809918926480722,0.3719750845220678,0.6190081073519278,0.9763333333333333,0.6043582488112654
Antoniu,21.0,Espanyol,"FW,MF",MF,1022,Regular (10-20 games),0.0,0.08806262230919765,0.4248859275626372,0.3697923856220152,0.5751140724373628,0.8703333333333333,0.5005409477113181
Jean Mattéo Bahoya,19.0,Eint Frankfurt,"MF,FW",MF,921,Regular (10-20 games),0.19543973941368079,0.2931596091205212,0.42658567756284055,0.36409087579988436,0.5734143224371595,0.8534999999999999,0.4894091242001156
Alejo Véliz,20.0,Espanyol,FW,FW,1127,Regular (10-20 games),0.07985803016858918,0.0,0.4070605432065324,0.361401918943533,0.5929394567934676,0.8878333333333334,0.5264314143898003
Eduardo Camavinga,21.0,Real Madrid,"MF,DF",DF,1102,Regular (10-20 games),0.08166969147005444,0.16333938294010888,0.4082786533213261,0.3607822366516118,0.5917213466786739,0.8836666666666666,0.5228844300150548
George Ilenikhena,17.0,Monaco,FW,FW,717,Moderate (5-10 games),0.37656903765690375,0.2510460251046025,0.4547823530618065,0.3588232765657653,0.5452176469381935,0.7889999999999999,0.43017672343423463
Mamadou Diakhon,18.0,Reims,"FW,MF",MF,858,Moderate (5-10 games),0.2097902097902098,0.1048951048951049,0.4261595463888038,0.35626938078104,0.5738404536111962,0.836,0.47973061921896
Leny Yoro,18.0,Manchester Utd,DF,DF,1165,Regular (10-20 games),0.0,0.0,0.3979702450249988,0.35585172742651977,0.6020297549750012,0.8941666666666667,0.538314939240147
Jeff Ekhator,17.0,Genoa,"FW,MF",MF,769,Moderate (5-10 games),0.11703511053315994,0.11703511053315994,0.439851540356724,0.3546669587076385,0.560148459643276,0.8063333333333333,0.45166637462569487
Peque,21.0,Sevilla,"MF,FW",MF,1134,Regular (10-20 games),0.07936507936507936,0.07936507936507936,0.38903676347709143,0.34585368273113426,0.6109632365229085,0.889,0.5431463172688656
Rémy Labeau Lascary,21.0,Lens,"FW,MF",MF,637,Moderate (5-10 games),0.282574568288854,0.141287284144427,0.4524178161134057,0.3448931818171196,0.5475821838865943,0.7623333333333333,0.4174401515162137
Yan Diomandé,17.0,Leganés,"MF,FW",MF,545,Moderate (5-10 games),0.3302752293577982,0.1651376146788991,0.470925596679395,0.344560561570424,0.529074403320605,0.7316666666666666,0.3871061050962426
Senny Mayulu,18.0,Paris S-G,MF,MF,808,Moderate (5-10 games),0.22277227722772278,0.22277227722772278,0.41784427831984183,0.342353745370057,0.5821557216801582,0.8193333333333332,0.4769795879632762
Francisco Perez,21.0,Valencia,"FW,MF",MF,570,Moderate (5-10 games),0.0,0.0,0.46177416867993776,0.34171288482315393,0.5382258313200623,0.74,0.3982871151768461
Alejandro Jiménez,19.0,Milan,"DF,FW",DF,1266,Regular (10-20 games),0.0,0.07109004739336493,0.3722049677469226,0.33907872561744645,0.6277950322530774,0.911,0.5719212743825536
Arthur Vermeeren,19.0,RB Leipzig,MF,MF,1572,Regular (10-20 games),0.0,0.11450381679389314,0.34892579760966247,0.3356666173004953,0.6510742023903375,0.962,0.6263333826995047
Gvidas Gineitis,20.0,Torino,MF,MF,1430,Regular (10-20 games),0.1888111888111888,0.06293706293706294,0.35373136249775444,0.3319179284770596,0.6462686375022455,0.9383333333333334,0.6064154048562737
Orri Steinn Óskarsson,19.0,Real Sociedad,FW,FW,944,Regular (10-20 games),0.2860169491525424,0.0,0.3818230816891017,0.32734965536812316,0.6181769183108983,0.8573333333333333,0.5299836779652101
Lucas Bergvall,18.0,Tottenham,MF,MF,1212,Regular (10-20 games),0.0,0.07425742574257425,0.3493909150792574,0.3151506054014902,0.6506090849207427,0.902,0.5868493945985099
Lesley Ugochukwu,20.0,Southampton,MF,MF,1655,Regular (10-20 games),0.054380664652567974,0.054380664652567974,0.3219142715498738,0.3141346766540852,0.6780857284501263,0.9758333333333333,0.6616986566792482
Adam Wharton,20.0,Crystal Palace,MF,MF,1318,Regular (10-20 games),0.0,0.13657056145675267,0.34002334959148756,0.31270814050763807,0.6599766504085125,0.9196666666666666,0.6069585261590287
Timothee Pembele,21.0,Le Havre,DF,DF,1113,Regular (10-20 games),0.08086253369272238,0.0,0.3500641239060528,0.30998178171880975,0.6499358760939472,0.8855,0.5755182182811902
Iker Bravo,19.0,Udinese,"FW,MF",MF,682,Moderate (5-10 games),0.26392961876832843,0.13196480938416422,0.39776649024874694,0.30919715175335927,0.602233509751253,0.7773333333333333,0.468136181579974
Chuky san jose,20.0,Valladolid,MF,MF,728,Moderate (5-10 games),0.24725274725274726,0.0,0.3891221047184448,0.3084441216734872,0.6108778952815552,0.7926666666666666,0.4842225449931794
Rodrigo Gomes,21.0,Wolves,"DF,FW",DF,810,Moderate (5-10 games),0.2222222222222222,0.0,0.3754872650631487,0.3078995573517819,0.6245127349368513,0.82,0.5121004426482181
Can Uzun,18.0,Eint Frankfurt,"MF,FW",MF,675,Moderate (5-10 games),0.5333333333333333,0.13333333333333333,0.39701437910702425,0.30768614380794373,0.6029856208929758,0.7749999999999999,0.4673138561920562
Frans Krätzig,21.0,Heidenheim,"DF,MF",DF,1217,Regular (10-20 games),0.07395234182415776,0.14790468364831552,0.3401953810047833,0.3071397298171518,0.6598046189952167,0.9028333333333333,0.5956936035161814
Fares Chaïbi,21.0,Eint Frankfurt,"MF,FW",MF,1013,Regular (10-20 games),0.08884501480750247,0.2665350444225074,0.3521924704076858,0.30599655803921105,0.6478075295923142,0.8688333333333333,0.5628367752941223
Ilias Akhomach,20.0,Villarreal,"MF,FW",MF,584,Moderate (5-10 games),0.1541095890410959,0.0,0.4091440536958443,0.304675938652172,0.5908559463041557,0.7446666666666666,0.43999072801449457
Loum Tchaouna,20.0,Lazio,"FW,MF",MF,660,Moderate (5-10 games),0.13636363636363635,0.0,0.3930053006030934,0.3026140814643819,0.6069946993969066,0.7699999999999999,0.46738591853561806
Ben Old,21.0,Saint-Étienne,"FW,MF",MF,528,Moderate (5-10 games),0.0,0.0,0.41580653242369175,0.3018755425396002,0.5841934675763083,0.726,0.42412445746039984
Myles Lewis-Skelly,17.0,Arsenal,DF,DF,1369,Regular (10-20 games),0.06574141709276844,0.0,0.3246040270965681,0.30128663781679793,0.6753959729034319,0.9281666666666666,0.6268800288498686
Khalil Fayad,20.0,Montpellier,"MF,FW",MF,1028,Regular (10-20 games),0.0,0.0,0.34396777168567993,0.29971058506212245,0.6560322283143201,0.8713333333333333,0.5716227482712108
Issa Doumbia,20.0,Venezia,MF,MF,939,Regular (10-20 games),0.0,0.0,0.346815894814702,0.2970478139087922,0.653184105185298,0.8564999999999999,0.5594521860912077
Gavi,19.0,Barcelona,"MF,FW",MF,1085,Regular (10-20 games),0.08294930875576037,0.08294930875576037,0.3370054378117202,0.2968456231391569,0.6629945621882798,0.8808333333333334,0.5839877101941765
Samuel Mbangula,20.0,Juventus,FW,FW,709,Moderate (5-10 games),0.38081805359661497,0.38081805359661497,0.37524619639575135,0.2950685924325258,0.6247538036042486,0.7863333333333333,0.49126474090080746
Yaya Kader Fofana,20.0,Reims,"MF,FW",MF,634,Moderate (5-10 games),0.14195583596214512,0.14195583596214512,0.38383040869591784,0.2922228844871588,0.6161695913040821,0.7613333333333333,0.4691104488461745
Alejandro Francés,21.0,Girona,DF,DF,1173,Regular (10-20 games),0.0,0.0,0.32365584620229404,0.2898338102741543,0.676344153797706,0.8955,0.6056661897258456
Jáder Durán,20.0,Aston Villa,FW,FW,638,Moderate (5-10 games),0.987460815047022,0.0,0.3780598273858676,0.288333628352955,0.6219401726141325,0.7626666666666666,0.47433303831371165
Carlos Alcaraz,21.0,Everton,"FW,MF",MF,764,Moderate (5-10 games),0.23560209424083772,0.3534031413612565,0.3578328217523613,0.28793614390340005,0.6421671782476387,0.8046666666666666,0.5167305227632666
Tommaso Baldanzi,21.0,Roma,"MF,FW",MF,832,Moderate (5-10 games),0.10817307692307693,0.10817307692307693,0.3477049394738546,0.28766788659136905,0.6522950605261454,0.8273333333333333,0.5396654467419643
Abdul Fatawu Issahaku,20.0,Leicester City,FW,FW,579,Moderate (5-10 games),0.0,0.31088082901554404,0.3865784309966178,0.287227774230487,0.6134215690033822,0.743,0.455772225769513
Adam Obert,21.0,Cagliari,DF,DF,1077,Regular (10-20 games),0.08356545961002786,0.08356545961002786,0.32569184814668306,0.28644598044500774,0.6743081518533169,0.8795,0.5930540195549923
Conor Bradley,21.0,Liverpool,DF,DF,754,Moderate (5-10 games),0.0,0.23872679045092837,0.35714966206988563,0.286195929205335,0.6428503379301144,0.8013333333333332,0.5151374041279982
Daniel Fila,21.0,Venezia,FW,FW,492,Moderate (5-10 games),0.3658536585365854,0.0,0.39286476864213477,0.28050544481048423,0.6071352313578653,0.714,0.4334945551895158
Yehor Yarmoliuk,20.0,Brentford,MF,MF,1450,Regular (10-20 games),0.0,0.0,0.2909124532763448,0.273942560168558,0.7090875467236553,0.9416666666666667,0.6677241064981086
Adam Aznou,18.0,Valladolid,DF,DF,876,Moderate (5-10 games),0.0,0.0,0.32407203189231887,0.27286865085333245,0.6759279681076811,0.842,0.5691313491466674
Niccolò Pisilli,19.0,Roma,MF,MF,1227,Regular (10-20 games),0.14669926650366746,0.07334963325183373,0.30067069708028293,0.2719566455091159,0.6993293029197171,0.9045,0.6325433544908841
Elye Wahi,21.0,Marseille,FW,FW,574,Moderate (5-10 games),0.47038327526132406,0.156794425087108,0.3663888430778232,0.2716162623350263,0.6336111569221767,0.7413333333333333,0.469717070998307
Fabio Carvalho,21.0,Brentford,"FW,MF",MF,455,Moderate (5-10 games),0.3956043956043956,0.1978021978021978,0.3746576252076194,0.26288476702067964,0.6253423747923805,0.7016666666666667,0.438781899645987
Nhoa Sangui,18.0,Reims,"DF,MF",DF,1158,Regular (10-20 games),0.0,0.15544041450777202,0.2916249670101369,0.26042109554005227,0.708375032989863,0.893,0.6325789044599477
Patrick Dorgu,19.0,Manchester Utd,DF,DF,842,Moderate (5-10 games),0.0,0.0,0.3128691108177755,0.25988994138596555,0.6871308891822245,0.8306666666666667,0.5707767252807012
Tim Iroegbunam,21.0,Everton,MF,MF,574,Moderate (5-10 games),0.0,0.156794425087108,0.33298863081334074,0.24685557164295657,0.6670113691866593,0.7413333333333333,0.4944777616903767
Cesare Casadei,21.0,Torino,MF,MF,1017,Regular (10-20 games),0.08849557522123894,0.08849557522123894,0.2825836558556081,0.2457064887664512,0.7174163441443919,0.8694999999999999,0.6237935112335488
Mathis Amougou,18.0,Saint-Étienne,MF,MF,859,Moderate (5-10 games),0.0,0.0,0.29300152331231727,0.24504694066353466,0.7069984766876827,0.8363333333333333,0.5912863926697985
Ayyoub Bouaddi,16.0,Lille,MF,MF,1151,Regular (10-20 games),0.0,0.07819287576020852,0.27125140490558464,0.2419110446082972,0.7287485950944154,0.8918333333333333,0.649922288725036
Jesus Vazquez,21.0,Valencia,DF,DF,919,Regular (10-20 games),0.0,0.0,0.28217964456264055,0.2407462667526928,0.7178203554373594,0.8531666666666666,0.6124203999139738
Hiroki Sekine,21.0,Reims,DF,DF,887,Moderate (5-10 games),0.0,0.0,0.28172224048917505,0.23824310804034568,0.718277759510825,0.8456666666666666,0.6074235586263209
David Torres,21.0,Valladolid,DF,DF,1387,Regular (10-20 games),0.0,0.0,0.25452584859468247,0.23700598601641518,0.7454741514053176,0.9311666666666667,0.6941606806502516
Justin Devenny,20.0,Crystal Palace,MF,MF,507,Moderate (5-10 games),0.1775147928994083,0.1775147928994083,0.3294191536147688,0.23685237144901877,0.6705808463852312,0.719,0.4821476285509812
Ngal'Ayel Mukau,19.0,Lille,MF,MF,1190,Regular (10-20 games),0.0,0.07563025210084034,0.2562326518565816,0.23018233225116247,0.7437673481434184,0.8983333333333333,0.6681510010821708
Kauã Santos,21.0,Eint Frankfurt,GK,GK,765,Moderate (5-10 games),0.0,0.0,0.283528252863833,0.22824024355538552,0.716471747136167,0.8049999999999999,0.5767597564446144
Samuele Vignato,20.0,Monza,MF,MF,470,Moderate (5-10 games),0.0,0.0,0.3197364935470284,0.22594712210656673,0.6802635064529716,0.7066666666666667,0.48071954456009997
Brooke Norton-Cuffy,20.0,Genoa,"DF,FW",DF,719,Moderate (5-10 games),0.0,0.0,0.28597642791818306,0.22582605257939187,0.7140235720818169,0.7896666666666666,0.5638406140872747
Luca Netz,21.0,Gladbach,DF,DF,969,Regular (10-20 games),0.0,0.18575851393188852,0.2593957210324335,0.22346941366944145,0.7406042789675664,0.8614999999999999,0.6380305863305584
Djaoui Cissé,20.0,Rennes,MF,MF,1121,Regular (10-20 games),0.08028545941123996,0.0,0.24676238854202684,0.21883711157202082,0.7532376114579732,0.8868333333333334,0.6679962217613126
Damián Rodríguez,21.0,Celta Vigo,MF,MF,927,Regular (10-20 games),0.0,0.0,0.25485392473185764,0.21777267868337233,0.7451460752681424,0.8544999999999999,0.6367273213166276
Max Rosenfelder,21.0,Freiburg,DF,DF,1249,Regular (10-20 games),0.07205764611689351,0.0,0.2387855159744279,0.21685704609077627,0.7612144840255721,0.9081666666666667,0.6913096205758904
Jacques Ekomie,20.0,Angers,"DF,FW",DF,697,Moderate (5-10 games),0.0,0.0,0.2764039299669345,0.2162400078774651,0.7235960700330655,0.7823333333333333,0.5660933254558682
Jordan James,20.0,Rennes,MF,MF,1178,Regular (10-20 games),0.0,0.07640067911714771,0.233194350167345,0.2090198691999969,0.766805649832655,0.8963333333333333,0.6873134641333364
Amadou Koné,19.0,Reims,MF,MF,1293,Regular (10-20 games),0.0,0.0,0.2264775889021885,0.20734023263995358,0.7735224110978115,0.9155,0.7081597673600464
Nico O’Reilly,19.0,Manchester City,DF,DF,528,Moderate (5-10 games),0.34090909090909094,0.0,0.2764985997377338,0.20073798340959473,0.7235014002622662,0.726,0.5252620165904053
Jonas Urbig,20.0,Bayern Munich,GK,GK,720,Moderate (5-10 games),0.0,0.0,0.25378180864275685,0.20048762882777788,0.7462181913572432,0.7899999999999999,0.5895123711722221
Álex Valle,20.0,Como,DF,DF,1030,Regular (10-20 games),0.0,0.0,0.22884083505538935,0.1994729278899477,0.7711591649446107,0.8716666666666666,0.672193738776719
Rafik Messali,21.0,Toulouse,DF,DF,456,Moderate (5-10 games),0.0,0.19736842105263158,0.2840882153785785,0.19942992719576208,0.7159117846214216,0.702,0.5025700728042379
Bence Dárdai,18.0,Wolfsburg,MF,MF,1304,Regular (10-20 games),0.06901840490797546,0.06901840490797546,0.21627162021696866,0.19839316627903258,0.7837283797830313,0.9173333333333333,0.7189401670543007
Mohamed Haj,19.0,Parma,MF,MF,453,Moderate (5-10 games),0.1986754966887417,0.3973509933774834,0.2806345905674478,0.19672484798778087,0.7193654094325522,0.701,0.5042751520122191
Stefan Bajcetic,19.0,Las Palmas,"MF,DF",DF,969,Regular (10-20 games),0.09287925696594426,0.0,0.22540695482826248,0.1941880915845481,0.7745930451717375,0.8614999999999999,0.6673119084154518
Antonín Kinský,21.0,Tottenham,GK,GK,540,Moderate (5-10 games),0.0,0.0,0.25944293258915413,0.18939334079008252,0.7405570674108459,0.73,0.5406066592099175
Oscar Højlund,19.0,Eint Frankfurt,MF,MF,722,Moderate (5-10 games),0.12465373961218837,0.0,0.23895903302786986,0.18893694211403575,0.7610409669721301,0.7906666666666666,0.6017297245526309
Alex Scott,20.0,Bournemouth,MF,MF,755,Moderate (5-10 games),0.0,0.0,0.23429727872148295,0.18782831844172215,0.765702721278517,0.8016666666666666,0.6138383482249444
Sael Kumbedi,19.0,Lyon,DF,DF,951,Regular (10-20 games),0.0,0.0,0.2182740578449133,0.18738827865985805,0.7817259421550867,0.8584999999999999,0.6711117213401419
Junior Mwanga,21.0,Le Havre,MF,MF,952,Regular (10-20 games),0.09453781512605042,0.18907563025210083,0.21744575697719828,0.18671342332442092,0.7825542430228017,0.8586666666666667,0.6719532433422458
Matteo Prati,20.0,Cagliari,MF,MF,570,Moderate (5-10 games),0.0,0.0,0.24670318189250084,0.18256035460045061,0.7532968181074992,0.74,0.5574396453995494
Louis Leroux,18.0,Nantes,"MF,DF",DF,816,Moderate (5-10 games),0.22058823529411764,0.11029411764705882,0.22158260634962837,0.1821409024193945,0.7784173936503717,0.822,0.6398590975806054
Tom Louchet,21.0,Nice,"DF,MF",DF,775,Moderate (5-10 games),0.11612903225806452,0.0,0.22075748976112147,0.1784456375569065,0.7792425102388785,0.8083333333333332,0.6298876957764267
Kosta Nedeljković,18.0,RB Leipzig,DF,DF,479,Moderate (5-10 games),0.0,0.0,0.24708998602641563,0.17535152675007962,0.7529100139735844,0.7096666666666667,0.5343151399165871
Juan Herzog,21.0,Las Palmas,DF,DF,1315,Regular (10-20 games),0.0,0.0,0.18884874926504533,0.17358347536612084,0.8111512507349546,0.9191666666666667,0.7455831913005458
Iker Muñoz,21.0,Osasuna,MF,MF,610,Moderate (5-10 games),0.0,0.14754098360655737,0.23004998228432272,0.1733043199875231,0.7699500177156773,0.7533333333333333,0.5800290133458101
Jon Martin,18.0,Real Sociedad,DF,DF,904,Regular (10-20 games),0.0,0.09955752212389381,0.19889349816868265,0.16919206910882606,0.8011065018313174,0.8506666666666667,0.6814745975578407
Arthur,21.0,Leverkusen,DF,DF,752,Moderate (5-10 games),0.0,0.11968085106382978,0.20426065849755617,0.16354470057037665,0.7957393415024439,0.8006666666666666,0.63712196609629
Medon Berisha,20.0,Lecce,MF,MF,716,Moderate (5-10 games),0.0,0.12569832402234637,0.20586532121536041,0.1623591166651809,0.7941346787846396,0.7886666666666666,0.6263075500014857
Aster Vranckx,21.0,Wolfsburg,MF,MF,556,Moderate (5-10 games),0.0,0.0,0.21081941534795867,0.15502254341919894,0.7891805846520413,0.7353333333333333,0.5803107899141343
Luca Marianucci,20.0,Empoli,DF,DF,1069,Regular (10-20 games),0.0,0.0,0.1754031781016526,0.15403322423626792,0.8245968218983474,0.8781666666666667,0.7241334424303987
John Joe,20.0,Reims,MF,MF,545,Moderate (5-10 games),0.0,0.0,0.20938122415308388,0.15319726233867303,0.7906187758469161,0.7316666666666666,0.5784694043279935
Guimissongui Ouattara,18.0,Strasbourg,"DF,FW",DF,471,Moderate (5-10 games),0.19108280254777069,0.19108280254777069,0.21655393358388544,0.153103631043807,0.7834460664161146,0.707,0.553896368956193
Michael Kayode,20.0,Brentford,DF,DF,528,Moderate (5-10 games),0.0,0.17045454545454547,0.20297476131774822,0.1473596767166852,0.7970252386822518,0.726,0.5786403232833148
Kacper Urbanski,19.0,Monza,MF,MF,500,Moderate (5-10 games),0.0,0.0,0.20508379665153442,0.14697672093359967,0.7949162033484656,0.7166666666666667,0.569689945733067
Jhon Solis,19.0,Girona,MF,MF,535,Moderate (5-10 games),0.16822429906542058,0.0,0.1918911763916291,0.13976074013856984,0.8081088236083709,0.7283333333333333,0.5885725931947634
Soungoutou Magassa,20.0,Monaco,MF,MF,1025,Regular (10-20 games),0.0,0.08780487804878048,0.1586789161919373,0.1381828895171454,0.8413210838080627,0.8708333333333333,0.7326504438161879
Mahamadou Diawara,19.0,Le Havre,MF,MF,582,Moderate (5-10 games),0.0,0.15463917525773196,0.18550502326056686,0.13801573730586175,0.8144949767394332,0.744,0.6059842626941383
Diego Gómez,21.0,Brighton,MF,MF,516,Moderate (5-10 games),0.1744186046511628,0.0,0.18894985730565445,0.1364217969746825,0.8110501426943455,0.722,0.5855782030253174
Antoine Mendy,20.0,Nice,DF,DF,825,Moderate (5-10 games),0.0,0.0,0.16172548492826538,0.13342352506581892,0.8382745150717346,0.825,0.691576474934181
Joël Schingtienne,21.0,Venezia,DF,DF,1122,Regular (10-20 games),0.0,0.0,0.14733277384048196,0.1306841703965075,0.8526672261595181,0.887,0.7563158296034925
Oliver Scarles,18.0,West Ham,"DF,FW",DF,665,Moderate (5-10 games),0.0,0.0,0.16747565080478719,0.12923537720436076,0.8325243491952128,0.7716666666666666,0.6424312894623059
Renato Veiga,21.0,Juventus,DF,DF,1093,Regular (10-20 games),0.0,0.08234217749313816,0.14614088457192223,0.12892061700653074,0.8538591154280778,0.8821666666666667,0.753246049660136
Aljoscha Kemlein,19.0,Union Berlin,MF,MF,922,Regular (10-20 games),0.09761388286334056,0.0,0.1508705566105629,0.12879316515988387,0.8491294433894371,0.8536666666666667,0.7248735015067828
Alessandro Circati,20.0,Parma,DF,DF,540,Moderate (5-10 games),0.0,0.0,0.17402612919621377,0.12703907431323605,0.8259738708037863,0.73,0.602960925686764
Abakar Sylla,21.0,Strasbourg,DF,DF,950,Regular (10-20 games),0.09473684210526316,0.0,0.14728796189345142,0.12642216729187913,0.8527120381065486,0.8583333333333333,0.7319111660414542
Lamare Bogarde,20.0,Aston Villa,"DF,MF",DF,476,Moderate (5-10 games),0.0,0.0,0.17799769307777238,0.12614103182778136,0.8220023069222276,0.7086666666666667,0.5825256348388853
Devyne Rensch,21.0,Roma,DF,DF,469,Moderate (5-10 games),0.0,0.19189765458422176,0.17765912591340308,0.12548656260350036,0.822340874086597,0.7063333333333333,0.5808467707298329
Juma Bah,18.0,Valladolid,DF,DF,864,Moderate (5-10 games),0.0,0.0,0.14684779886647986,0.12305845545011011,0.8531522011335202,0.838,0.7149415445498899
Luck Zogbé,19.0,Brest,DF,DF,638,Moderate (5-10 games),0.0,0.0,0.15594866785554212,0.11893685068449344,0.8440513321444578,0.7626666666666666,0.6437298159821732
Abdukodir Khusanov,20.0,Lens,DF,DF,975,Regular (10-20 games),0.0,0.0,0.13453120487644687,0.11603316420593542,0.8654687951235531,0.8624999999999999,0.7464668357940645
Filippo Terracciano,21.0,Milan,"DF,MF",DF,539,Moderate (5-10 games),0.0,0.0,0.15567998909627165,0.11359449871057953,0.8443200109037283,0.7296666666666666,0.616072167956087
Yarek Gasiorowski,19.0,Valencia,DF,DF,947,Regular (10-20 games),0.0,0.0,0.12928663483082134,0.11090638491237291,0.8707133651691786,0.8578333333333333,0.7469269484209604
Jérémy Jacquet,19.0,Rennes,DF,DF,927,Regular (10-20 games),0.0,0.09708737864077668,0.12894230909716733,0.11018120312352948,0.8710576909028327,0.8544999999999999,0.7443187968764705
Emmanuel Biumla,19.0,Angers,DF,DF,1336,Regular (10-20 games),0.06736526946107785,0.0,0.11803224123694127,0.10890441458128447,0.8819677587630588,0.9226666666666666,0.8137622520853822
Ümit Akdag,20.0,Toulouse,DF,DF,500,Moderate (5-10 games),0.0,0.0,0.1496006288226564,0.10721378398957042,0.8503993711773437,0.7166666666666667,0.6094528826770963
Jaydee Canvot,18.0,Toulouse,"DF,MF",DF,1106,Regular (10-20 games),0.0,0.0,0.12066536168106536,0.1067084015132888,0.8793346383189347,0.8843333333333333,0.7776249318200446
Alan Matturro,19.0,Genoa,DF,DF,900,Regular (10-20 games),0.0,0.0,0.12407388311405158,0.10546280064694384,0.8759261168859485,0.85,0.7445371993530562
Héctor Fort,17.0,Barcelona,DF,DF,585,Moderate (5-10 games),0.0,0.0,0.13865217228456694,0.10329586835200237,0.8613478277154331,0.745,0.6417041316479977
Lucas Mincarelli,20.0,Montpellier,DF,DF,715,Moderate (5-10 games),0.1258741258741259,0.0,0.12940774976048877,0.10201644272785199,0.8705922502395113,0.7883333333333333,0.6863168906054814
Finn Jeltsch,18.0,Stuttgart,DF,DF,780,Moderate (5-10 games),0.0,0.0,0.11779925814327864,0.09541739909605569,0.8822007418567214,0.8099999999999999,0.7145826009039442
Giovanni Leoni,17.0,Parma,DF,DF,1199,Regular (10-20 games),0.0750625521267723,0.0,0.10593041099514658,0.09531971482713272,0.8940695890048534,0.8998333333333333,0.8045136185062005
Pau Navarro,19.0,Villarreal,DF,DF,916,Regular (10-20 games),0.0,0.0,0.10809295423210732,0.09216725897524351,0.8919070457678927,0.8526666666666667,0.7604994076914232
Willy Kambwala,19.0,Villarreal,DF,DF,1117,Regular (10-20 games),0.0,0.0,0.09895219334833394,0.08768813533884859,0.9010478066516661,0.8861666666666667,0.7984785313278181
Abdukodir Khusanov,20.0,Manchester City,DF,DF,503,Moderate (5-10 games),0.0,0.0,0.12024739237969558,0.08629754526449486,0.8797526076203044,0.7176666666666667,0.6313691214021718
Souleymane Touré,21.0,Udinese,DF,DF,733,Moderate (5-10 games),0.12278308321964529,0.0,0.1068878928019553,0.08490461618235316,0.8931121071980447,0.7943333333333333,0.7094287171509802
Juma Bah,18.0,Lens,DF,DF,686,Moderate (5-10 games),0.0,0.0,0.10566654813910802,0.08227901881765211,0.894333451860892,0.7786666666666666,0.6963876478490145
Yael Mouanga,19.0,Montpellier,DF,DF,946,Regular (10-20 games),0.0,0.0,0.0944595478943084,0.08101480557735184,0.9055404521056916,0.8576666666666667,0.7766518610893148
Mikayil Ngor Faye,20.0,Rennes,DF,DF,688,Moderate (5-10 games),0.0,0.0,0.09912811267824852,0.07725384248058167,0.9008718873217515,0.7793333333333333,0.7020794908527517
Yoel Lago,20.0,Celta Vigo,DF,DF,583,Moderate (5-10 games),0.0,0.15437392795883362,0.1009852350641338,0.07516667663273692,0.8990147649358662,0.7443333333333333,0.6691666567005964
Anrie Chase,20.0,Stuttgart,DF,DF,734,Moderate (5-10 games),0.0,0.0,0.08389171597113222,0.06666595029172641,0.9161082840288678,0.7946666666666666,0.7280007163749402
Roméo Lavia,20.0,Chelsea,MF,MF,797,Moderate (5-10 games),0.0,0.11292346298619824,0.07972914280460813,0.06503240414762537,0.9202708571953919,0.8156666666666667,0.7506342625190413
Jarell Quansah,21.0,Liverpool,DF,DF,495,Moderate (5-10 games),0.0,0.0,0.08088776088847942,0.057834749035262784,0.9191122391115206,0.715,0.6571652509647372
