Player,Age_2022,Elite_Probability,Actually_Elite,Goals_per_90,Assists_per_90,G+A_per_90
Rayan Cherki,19,0.8415301253376127,1,0.35276825085742286,0.4850563449289564,0.8378245957863792
Joshua Zirkzee,21,0.839351018224729,0,0.19258202567760344,0.06419400855920114,0.25677603423680456
Nicolas Jackson,21,0.8173078717643555,1,0.4054054054054054,0.2027027027027027,0.6081081081081081
Jamal Musiala,19,0.812524353894201,1,0.6006674082313682,0.10011123470522804,0.7007786429365963
Rasmus Højlund,20,0.7969368587723289,0,0.17964071856287425,0.0,0.17964071856287425
Lorenzo Colombo,20,0.7962596661904119,0,0.24182713837886252,0.08060904612628751,0.32243618450515005
Evann Guessand,21,0.7913133147688374,1,0.42105263157894735,0.2807017543859649,0.7017543859649122
Arnaud Kalimuendo,21,0.7707240262214683,1,0.5934833204034135,0.1047323506594259,0.6982156710628393
Georginio Rutter,20,0.7412545810458614,0,0.27173913043478265,0.16304347826086957,0.4347826086956522
Karim Adeyemi,21,0.7179321646426972,1,0.4396371249127704,0.3768318213538032,0.8164689462665736
Désiré Doué,17,0.677902682847732,1,0.31213872832369943,0.31213872832369943,0.6242774566473989
El Bilal Touré,21,0.6573380071423072,1,0.5056179775280899,0.25280898876404495,0.7584269662921348
Takefusa Kubo,21,0.6544354109476883,0,0.1897133220910624,0.0,0.1897133220910624
Eliesse Ben Seghir,17,0.6294719802415563,0,0.3085714285714286,0.1542857142857143,0.4628571428571429
Abdallah Sima,21,0.6205669633712634,1,0.5088852988691438,0.14539579967689822,0.654281098546042
Michael Olise,21,0.5590990741988153,1,0.46272493573264784,0.5784061696658097,1.0411311053984575
Tiago Tomás,20,0.5464012399292687,0,0.28662420382165604,0.04777070063694267,0.3343949044585987
Nico Williams,20,0.5402489055665243,0,0.22545090180360722,0.22545090180360722,0.45090180360721444
Charles De Ketelaere,21,0.5399573480824695,1,0.30434782608695654,0.30434782608695654,0.6086956521739131
Jude Bellingham,19,0.5290345479905783,1,0.3255627009646302,0.28938906752411575,0.614951768488746
Fabio Miretti,19,0.5117639069548676,0,0.16100178890876565,0.16100178890876565,0.3220035778175313
Patrick Wimmer,21,0.5073040103409573,0,0.15254237288135591,0.20338983050847456,0.35593220338983045
Folarin Balogun,21,0.4966351919862539,0,0.5853658536585367,0.0,0.5853658536585367
Hugo Ekitike,20,0.4780680224894975,1,0.5267264923917284,0.28092079594225516,0.8076472883339836
Wilson Odobert,18,0.4763725352774727,0,0.10588235294117647,0.0,0.10588235294117647
Crysencio Summerville,21,0.41291192147476147,0,0.11450381679389314,0.11450381679389314,0.22900763358778628
Bukayo Saka,21,0.39967053725923846,1,0.3123192596876807,0.5205320994794679,0.8328513591671486
Dango Ouattara,21,0.3941821940457535,0,0.31421446384039897,0.17955112219451372,0.4937655860349127
Anthony Gordon,21,0.3553364388454535,0,0.2218570254724733,0.1848808545603944,0.4067378800328677
Harvey Elliott,19,0.35009037840577567,1,0.24258760107816715,0.4851752021563343,0.7277628032345015
Adam Hložek,20,0.3439589144573707,0,0.38482095136290756,0.19241047568145378,0.5772314270443614
Brennan Johnson,21,0.3421306880241793,0,0.4547542489664676,0.12402388608176389,0.5787781350482315
Aimar Oroz,21,0.30484812309011594,0,0.15171948752528658,0.12137559002022927,0.2730950775455159
Jakub Kamiński,20,0.2918660379660484,0,0.0,0.1592920353982301,0.1592920353982301
Lee Kang-in,21,0.2855367044901566,1,0.3247143716175586,0.3247143716175586,0.6494287432351172
Yan Couto,20,0.2544526070577237,0,0.0,0.0,0.0
Pedri,20,0.22485543326331733,0,0.12504341785342132,0.15630427231677665,0.281347690170198
Kamory Doumbia,19,0.18650074126994357,0,0.2042360060514372,0.1361573373676248,0.340393343419062
Yeremi Pino,20,0.18116500959866574,0,0.1861427094105481,0.3257497414684592,0.5118924508790073
Gio Reyna,20,0.17908383383369358,0,0.5142857142857143,0.0,0.5142857142857143
Lazar Samardzic,20,0.17437857061274065,0,0.15397775876817793,0.07698887938408897,0.2309666381522669
Issa Kaboré,21,0.16833363099873702,0,0.0,0.0,0.0
Eduardo Camavinga,20,0.1508639695885464,0,0.08166969147005446,0.1633393829401089,0.24500907441016337
Joe Scally,20,0.13883197956799334,0,0.0,0.0,0.0
Jacob Ramsey,21,0.12891699523059957,0,0.055452865064695,0.16635859519408502,0.22181146025878
Ansgar Knauff,21,0.11427939130908209,0,0.22542266750156545,0.2817783343769568,0.5072010018785222
Alex Baena,21,0.10971086769917646,0,0.24277456647398846,0.31213872832369943,0.5549132947976879
Caleb Okoli,21,0.10664977837990273,0,0.08,0.0,0.08
Filippo Terracciano,20,0.10344677416811354,0,0.0,0.0,0.0
Tommaso Baldanzi,19,0.09294649377074873,0,0.10817307692307693,0.10817307692307693,0.21634615384615385
Rayan Aït-Nouri,21,0.0871020730257486,0,0.11579285944033452,0.2026375040205854,0.3184303634609199
Nathan Patterson,21,0.08558059598996562,0,0.0,0.25936599423631124,0.25936599423631124
Neco Williams,21,0.08436326545188037,0,0.03469545104086353,0.1040863531225906,0.13878180416345412
Rico Lewis,18,0.08297891632048991,0,0.04754358161648177,0.09508716323296354,0.14263074484944532
Levi Colwill,19,0.08082131059460787,0,0.057161003493172435,0.028580501746586218,0.08574150523975865
Ilaix Moriba,20,0.07723425657003685,0,0.04221388367729831,0.04221388367729831,0.08442776735459662
Koni De Winter,20,0.07303904911887905,0,0.12646370023419204,0.0,0.12646370023419204
Ivan Ilić,21,0.06776007524612049,0,0.09782608695652174,0.0,0.09782608695652174
Armel Bella Kotchap,21,0.06451141360002852,0,0.0,0.0,0.0
Carmona,21,0.06451141360002852,0,0.0,0.0,0.0
Christopher Wooh,21,0.059797911335914486,0,0.0,0.0,0.0
Gavi,18,0.05141537410375555,0,0.08294930875576037,0.08294930875576037,0.16589861751152074
Fares Chaïbi,20,0.05141537410375555,0,0.08884501480750247,0.26653504442250736,0.3553800592300098
Yunus Musah,20,0.048409541892001404,0,0.0,0.11457670273711013,0.11457670273711013
Tom Krauß,21,0.04790822339426863,0,0.0,0.0,0.0
Joško Gvardiol,21,0.045134611672614816,0,0.137320720170888,0.0,0.137320720170888
Castello Lukeba,20,0.045134611672614816,0,0.0,0.0,0.0
Mattia Viti,21,0.045134611672614816,0,0.03499222395023328,0.0,0.03499222395023328
Nicola Zalewski,21,0.04319954947676517,0,0.0,0.0,0.0
Tanguy Nianzou,20,0.04145655753638746,0,0.0,0.0,0.0
William Saliba,21,0.04145655753638746,0,0.059230009871668314,0.0,0.059230009871668314
Samuele Ricci,21,0.037352350196886,0,0.03185840707964602,0.03185840707964602,0.06371681415929203
Miguel Gutiérrez,21,0.037352350196886,0,0.036615134255492274,0.18307567127746135,0.21969080553295361
Adrien Truffert,21,0.03587408304528353,0,0.06540697674418604,0.06540697674418604,0.13081395348837208
Alejandro Balde,19,0.03186283204867719,0,0.0,0.1576182136602452,0.1576182136602452
Benoît Badiashile,21,0.028215419753422896,0,0.0,0.0,0.0
Roméo Lavia,19,0.027121523725591522,0,0.0,0.11292346298619824,0.11292346298619824
Nuno Mendes,20,0.0171065760424824,0,0.05369928400954654,0.1610978520286396,0.21479713603818615
Micky van de Ven,21,0.005769858614394415,0,0.0,0.1773399014778325,0.1773399014778325
Vanderson,21,0.005769858614394415,0,0.0436046511627907,0.1308139534883721,0.1744186046511628
Khéphren Thuram,21,0.005769858614394415,0,0.15477214101461736,0.1934651762682717,0.3482373172828891
Enzo Tchato,20,0.005769858614394415,0,0.0,0.0,0.0
Luke Thomas,21,0.005769858614394415,0,0.0,0.0,0.0
Quentin Merlin,20,0.005769858614394415,0,0.056639395846444306,0.1699181875393329,0.22655758338577722
Kiliann Sildillia,20,0.005769858614394415,0,0.2247191011235955,0.0,0.2247191011235955
Nicolás González,21,0.005769858614394415,0,0.11842105263157894,0.0,0.11842105263157894
Joris Chotard,21,0.005769858614394415,0,0.04756871035940803,0.0,0.04756871035940803
Nathan Collins,21,0.005769858614394415,0,0.05263157894736842,0.07894736842105263,0.13157894736842105
Diego Coppola,19,0.005769858614394415,0,0.06149641270925862,0.0,0.06149641270925862
Flavius Daniliuc,21,0.005769858614394415,0,0.0,0.0,0.0
Sinaly Diomande,21,0.005769858614394415,0,0.13881748071979436,0.09254498714652956,0.23136246786632392
Ismaël Doukouré,19,0.005769858614394415,0,0.034103827207275485,0.034103827207275485,0.06820765441455097
Arnau Martinez,19,0.005769858614394415,0,0.06859756097560976,0.06859756097560976,0.13719512195121952
Matteo Ruggeri,20,0.005769858614394415,0,0.0,0.15419760137064534,0.15419760137064534
Piero Hincapié,21,0.005769858614394415,0,0.06741573033707865,0.06741573033707865,0.1348314606741573
Johann Lepenant,20,0.005769858614394415,0,0.087890625,0.0439453125,0.1318359375
Moisés Caicedo,21,0.005769858614394415,0,0.02685765443151298,0.05371530886302596,0.08057296329453895
Amadou Onana,21,0.005769858614394415,0,0.16697588126159557,0.0,0.16697588126159557
Anthony Rouault,21,0.005769858614394415,0,0.0,0.0,0.0
Nicolò Rovella,21,0.005769858614394415,0,0.0,0.09933774834437087,0.09933774834437087
Malo Gusto,19,0.0027640264026402655,0,0.0,0.048335123523093444,0.048335123523093444
