Player,Age,Pos,Squad,Comp,Min,Gls,Ast,current_GA90,elite_prob,Tkl,PrgC,SCA,GCA,Touches
Endrick,18.0,FW,Real Madrid,es La Liga,363,1,0,0.24793388429752067,0.7004973459855864,1,12,8,2,127
Ibrahim Mbaye,16.0,"FW,MF",Paris S-G,fr Ligue 1,340,1,1,0.5294117647058824,0.5775110850937181,4,15,8,2,198
Louis Leroux,18.0,"MF,DF",Nantes,fr Ligue 1,816,2,1,0.33088235294117646,0.5761838539724365,25,11,30,3,411
Mahamadou Diawara,19.0,MF,Le Havre,fr Ligue 1,582,0,1,0.15463917525773196,0.5761838539724365,20,9,14,1,321
Ethan Nwaneri,17.0,"FW,MF",Arsenal,eng Premier League,895,4,2,0.6033519553072626,0.5761838539724365,11,46,29,3,544
Nhoa Sangui,18.0,"DF,MF",Reims,fr Ligue 1,1158,0,2,0.15544041450777202,0.5761838539724365,16,21,18,5,708
Alejandro Jiménez,19.0,"DF,FW",Milan,it Serie A,1266,0,1,0.07109004739336493,0.5761838539724365,24,55,34,4,729
Jack Hinshelwood,19.0,"MF,DF",Brighton,eng Premier League,1842,5,2,0.3420195439739414,0.5761838539724365,27,19,35,3,1199
Niccolò Pisilli,19.0,MF,Roma,it Serie A,1227,2,1,0.22004889975550124,0.5761838539724365,24,22,35,5,718
Désiré Doué,19.0,"FW,MF",Paris S-G,fr Ligue 1,1730,6,6,0.6242774566473989,0.5761838539724365,48,97,109,24,1461
Yan Diomandé,17.0,"MF,FW",Leganés,es La Liga,545,2,1,0.4954128440366973,0.5761838539724365,14,37,37,5,309
Tyler Dibling,18.0,"FW,MF",Southampton,eng Premier League,1874,2,0,0.096051227321238,0.5761838539724365,34,69,56,4,868
Nicolás Paz,19.0,"MF,FW",Como,it Serie A,2687,6,8,0.4689244510606625,0.5761838539724365,51,77,144,16,1683
George Ilenikhena,17.0,FW,Monaco,fr Ligue 1,717,3,2,0.6276150627615062,0.5656029550251914,4,8,17,3,189
Samuel Amo-Ameyaw,18.0,"DF,MF",Strasbourg,fr Ligue 1,320,2,0,0.5625,0.5647029987016908,5,11,14,1,165
Eliesse Ben Seghir,19.0,"MF,FW",Monaco,fr Ligue 1,1750,6,3,0.4628571428571429,0.5621632354157355,31,85,77,7,1244
Kassoum Ouattara,19.0,"DF,FW",Monaco,fr Ligue 1,391,0,1,0.23017902813299235,0.5621632354157355,9,15,9,1,274
Assane Diao,18.0,"FW,MF",Como,it Serie A,1252,8,1,0.646964856230032,0.5621632354157355,25,50,31,4,523
Kenan Yıldız,19.0,"FW,MF",Juventus,it Serie A,2402,7,4,0.4121565362198168,0.5621632354157355,54,115,130,10,1485
Bence Dárdai,18.0,MF,Wolfsburg,de Bundesliga,1304,1,1,0.13803680981595093,0.558220970012513,24,5,24,2,595
Kobbie Mainoo,19.0,MF,Manchester Utd,eng Premier League,1651,0,0,0.0,0.557511085093718,46,22,34,3,1061
Rico Lewis,19.0,"DF,MF",Manchester City,eng Premier League,1893,1,2,0.14263074484944532,0.557511085093718,30,39,31,3,1477
Amadou Koné,19.0,MF,Reims,fr Ligue 1,1293,0,0,0.0,0.557511085093718,49,19,28,2,788
Senny Mayulu,18.0,MF,Paris S-G,fr Ligue 1,808,2,2,0.44554455445544555,0.557511085093718,25,29,38,6,592
Oscar Højlund,19.0,MF,Eint Frankfurt,de Bundesliga,722,1,0,0.12465373961218837,0.557511085093718,21,17,17,1,497
Lucas Bergvall,18.0,MF,Tottenham,eng Premier League,1212,0,1,0.07425742574257425,0.557511085093718,39,33,22,4,885
Arda Güler,19.0,"MF,FW",Real Madrid,es La Liga,1250,3,4,0.504,0.557511085093718,30,34,79,11,1058
Valentin Atangana Edoa,18.0,MF,Reims,fr Ligue 1,2854,1,0,0.03153468815697267,0.557511085093718,69,41,49,1,1433
Arthur Vermeeren,19.0,MF,RB Leipzig,de Bundesliga,1572,0,2,0.11450381679389314,0.557511085093718,32,14,28,2,1109
Gavi,19.0,"MF,FW",Barcelona,es La Liga,1085,1,1,0.16589861751152074,0.557511085093718,30,13,39,4,943
Ngal'Ayel Mukau,19.0,MF,Lille,fr Ligue 1,1190,0,1,0.07563025210084034,0.557511085093718,33,19,20,1,778
Warren Zaïre-Emery,18.0,"MF,DF",Paris S-G,fr Ligue 1,2050,1,2,0.13170731707317074,0.557511085093718,51,49,52,4,1908
João Neves,19.0,"MF,DF",Paris S-G,fr Ligue 1,1844,3,8,0.5368763557483731,0.557511085093718,63,35,68,14,1851
Dario Essugo,19.0,MF,Las Palmas,es La Liga,1938,1,0,0.04643962848297213,0.557511085093718,59,18,36,1,1228
Ayyoub Bouaddi,16.0,MF,Lille,fr Ligue 1,1151,0,1,0.07819287576020852,0.557511085093718,50,11,14,2,703
Guimissongui Ouattara,18.0,"DF,FW",Strasbourg,fr Ligue 1,471,1,1,0.38216560509554137,0.557511085093718,6,7,9,3,251
Jaydee Canvot,18.0,"DF,MF",Toulouse,fr Ligue 1,1106,0,0,0.0,0.557511085093718,23,9,14,2,666
Mathys Tel,19.0,FW,Tottenham,eng Premier League,911,2,1,0.296377607025247,0.5539619745308262,16,28,28,2,414
Diego Moreira,19.0,"DF,MF",Strasbourg,fr Ligue 1,2568,2,7,0.31542056074766356,0.5499659259986952,44,99,67,10,1701
Antonio Nusa,19.0,"MF,DF",RB Leipzig,de Bundesliga,1558,3,3,0.3465982028241335,0.5499659259986952,30,57,41,5,802
Jesus Rodríguez,18.0,FW,Betis,es La Liga,1111,2,0,0.162016201620162,0.5499659259986952,16,53,34,5,532
Jean Mattéo Bahoya,19.0,"MF,FW",Eint Frankfurt,de Bundesliga,921,2,3,0.488599348534202,0.5499659259986952,29,24,41,6,475
Johan Manzambi,18.0,"FW,MF",Freiburg,de Bundesliga,335,2,1,0.8059701492537313,0.5499659259986952,8,7,13,2,209
Wilson Odobert,19.0,"FW,MF",Tottenham,eng Premier League,850,1,0,0.10588235294117647,0.5499659259986952,14,45,16,1,381
Vitor Roque,19.0,FW,Betis,es La Liga,1235,4,0,0.29149797570850206,0.5499659259986952,11,24,34,4,365
Lucas Stassin,19.0,FW,Saint-Étienne,fr Ligue 1,1887,12,4,0.7631160572337043,0.5499659259986952,16,26,34,8,655
Stefan Bajcetic,19.0,"MF,DF",Las Palmas,es La Liga,969,1,0,0.09287925696594426,0.5499659259986952,29,8,14,1,570
Santiago Castro,19.0,FW,Bologna,it Serie A,2294,8,4,0.4707933740191805,0.5499659259986952,18,17,69,11,722
Mert Kömür,19.0,MF,Augsburg,de Bundesliga,654,2,1,0.41284403669724773,0.5499659259986952,3,18,25,1,313
Badredine Bouanani,19.0,"MF,FW",Nice,fr Ligue 1,1099,3,3,0.4913557779799818,0.5499659259986952,11,47,47,9,571
Lamine Yamal,17.0,FW,Barcelona,es La Liga,2856,9,13,0.6932773109243697,0.5499659259986952,42,181,188,29,2094
Mamadou Diakhon,18.0,"FW,MF",Reims,fr Ligue 1,858,2,1,0.3146853146853147,0.5499659259986952,12,61,37,2,379
Can Uzun,18.0,"MF,FW",Eint Frankfurt,de Bundesliga,675,4,1,0.6666666666666666,0.5499659259986952,10,11,38,3,395
Tom Bischof,19.0,"MF,FW",Hoffenheim,de Bundesliga,2559,5,2,0.246189917936694,0.5499659259986952,95,47,117,7,1951
Facundo Buonanotte,19.0,"FW,MF",Leicester City,eng Premier League,1523,5,2,0.41365725541694026,0.5499659259986952,53,39,51,5,874
Jamie Gittens,19.0,"FW,MF",Dortmund,de Bundesliga,1776,8,3,0.5574324324324325,0.5499659259986952,31,113,73,10,873
Malick Fofana,19.0,FW,Lyon,fr Ligue 1,1589,5,4,0.5097545626179988,0.5499659259986952,22,112,55,11,828
Paul Wanner,18.0,"MF,FW",Heidenheim,de Bundesliga,1771,3,2,0.2540937323546019,0.5499659259986952,40,28,51,7,935
Matias Fernandez-Pardo,19.0,"FW,MF",Lille,fr Ligue 1,1065,4,2,0.5070422535211268,0.5499659259986952,12,46,30,6,429
Patrick Dorgu,19.0,"DF,FW",Lecce,it Serie A,1840,3,1,0.1956521739130435,0.5499659259986952,45,68,58,7,1011
Bahereba Guirassy,17.0,"FW,MF",Nantes,fr Ligue 1,348,2,0,0.5172413793103449,0.5377686165816548,12,15,10,2,192
Bazoumana Touré,18.0,"FW,MF",Hoffenheim,de Bundesliga,609,0,3,0.4433497536945813,0.5359559244054753,12,24,25,4,291
Nelson Weiper,19.0,"FW,MF",Mainz 05,de Bundesliga,704,3,2,0.6392045454545455,0.5359559244054753,5,12,16,2,311
Tom Rothe,19.0,"DF,MF",Union Berlin,de Bundesliga,1670,3,3,0.32335329341317365,0.5359559244054753,45,25,35,7,1074
Umut Tohumcu,19.0,"MF,FW",Hoffenheim,de Bundesliga,375,0,1,0.24,0.5198750329070259,9,3,6,1,169
Jeff Ekhator,17.0,"FW,MF",Genoa,it Serie A,769,1,1,0.2340702210663199,0.5179930404455517,7,4,21,2,254
Mikey Moore,16.0,FW,Tottenham,eng Premier League,366,0,1,0.24590163934426232,0.4860285252312432,2,12,12,2,142
Kevin Zeroli,19.0,MF,Monza,it Serie A,395,0,1,0.22784810126582278,0.44935428601099453,6,2,2,1,146
Mohamed Meité,16.0,FW,Rennes,fr Ligue 1,544,2,0,0.33088235294117646,0.4356902271760832,2,8,13,1,155
Mohamed Haj,19.0,MF,Parma,it Serie A,453,1,2,0.5960264900662252,0.41536179498666004,3,6,20,2,207
Aljoscha Kemlein,19.0,MF,Union Berlin,de Bundesliga,922,1,0,0.09761388286334058,0.41536179498666004,10,5,21,2,549
Othmane Maamma,18.0,"FW,MF",Montpellier,fr Ligue 1,361,1,1,0.4986149584487535,0.40790694858217186,3,8,4,1,149
Iker Bravo,19.0,"FW,MF",Udinese,it Serie A,682,2,1,0.3958944281524927,0.3950252098958085,10,7,14,0,294
Archie Gray,18.0,"DF,MF",Tottenham,eng Premier League,1751,0,0,0.0,0.38854975043413037,16,7,6,0,1286
Kacper Urbanski,19.0,MF,Monza,it Serie A,500,0,0,0.0,0.38854975043413037,5,10,7,0,304
Eybi Nije,19.0,"FW,MF",Torino,it Serie A,394,1,0,0.22842639593908629,0.3883495932135081,5,10,9,1,167
Hafiz Ibrahim,18.0,FW,Reims,fr Ligue 1,391,0,1,0.23017902813299235,0.3829882255777842,3,6,4,1,109
Mathis Amougou,18.0,MF,Saint-Étienne,fr Ligue 1,859,0,0,0.0,0.38100459133910747,21,8,17,0,407
Rabby Nzingoula,18.0,MF,Montpellier,fr Ligue 1,1689,1,0,0.05328596802841919,0.38100459133910747,64,25,35,0,850
Oliver Scarles,18.0,"DF,FW",West Ham,eng Premier League,665,0,0,0.0,0.38100459133910747,21,12,6,0,466
Jeremy Agbonifo,18.0,"FW,MF",Lens,fr Ligue 1,300,1,0,0.3,0.37523796174221424,7,13,8,0,131
Jhon Solis,19.0,MF,Girona,es La Liga,535,1,0,0.16822429906542055,0.36998447414679103,13,9,6,0,364
Sidiki Cherif,17.0,FW,Angers,fr Ligue 1,324,0,0,0.0,0.3275219888079939,5,8,4,0,107
Orri Steinn Óskarsson,19.0,FW,Real Sociedad,es La Liga,944,3,0,0.2860169491525424,0.3071063430948705,6,6,10,0,285
Junior Ndiaye,19.0,FW,Montpellier,fr Ligue 1,441,0,0,0.0,0.2884934003167037,3,5,9,0,124
Lewis Miley,18.0,MF,Newcastle Utd,eng Premier League,313,1,0,0.28753993610223644,0.27569001464590864,14,2,4,0,235
Marc Domenech,18.0,"FW,MF",Mallorca,es La Liga,303,0,0,0.0,0.235425109505941,4,1,7,0,84
Marius Courcoul,17.0,"MF,DF",Angers,fr Ligue 1,309,0,0,0.0,0.2042545457294895,5,5,3,0,191
