Player,Age,Squad,Pos,Min,Gls,Ast,current_GA90,elite_prob
Endrick,18.0,Real Madrid,FW,363,1,0,0.24793388429752067,0.7004973459855864
Ibrahim Mbaye,16.0,Paris S-G,"FW,MF",340,1,1,0.5294117647058824,0.5775110850937181
Louis Leroux,18.0,Nantes,"MF,DF",816,2,1,0.33088235294117646,0.5761838539724365
Mahamadou Diawara,19.0,Le Havre,MF,582,0,1,0.15463917525773196,0.5761838539724365
Ethan Nwaneri,17.0,Arsenal,"FW,MF",895,4,2,0.6033519553072626,0.5761838539724365
Nhoa Sangui,18.0,Reims,"DF,MF",1158,0,2,0.15544041450777202,0.5761838539724365
Alejandro Jiménez,19.0,Milan,"DF,FW",1266,0,1,0.07109004739336493,0.5761838539724365
Jack Hinshelwood,19.0,Brighton,"MF,DF",1842,5,2,0.3420195439739414,0.5761838539724365
Niccolò Pisilli,19.0,Roma,MF,1227,2,1,0.22004889975550124,0.5761838539724365
Désiré Doué,19.0,Paris S-G,"FW,MF",1730,6,6,0.6242774566473989,0.5761838539724365
Yan Diomandé,17.0,Leganés,"MF,FW",545,2,1,0.4954128440366973,0.5761838539724365
Tyler Dibling,18.0,Southampton,"FW,MF",1874,2,0,0.096051227321238,0.5761838539724365
Nicolás Paz,19.0,Como,"MF,FW",2687,6,8,0.4689244510606625,0.5761838539724365
George Ilenikhena,17.0,Monaco,FW,717,3,2,0.6276150627615062,0.5656029550251914
Samuel Amo-Ameyaw,18.0,Strasbourg,"DF,MF",320,2,0,0.5625,0.5647029987016908
Eliesse Ben Seghir,19.0,Monaco,"MF,FW",1750,6,3,0.4628571428571429,0.5621632354157355
Kassoum Ouattara,19.0,Monaco,"DF,FW",391,0,1,0.23017902813299235,0.5621632354157355
Assane Diao,18.0,Como,"FW,MF",1252,8,1,0.646964856230032,0.5621632354157355
Kenan Yıldız,19.0,Juventus,"FW,MF",2402,7,4,0.4121565362198168,0.5621632354157355
Bence Dárdai,18.0,Wolfsburg,MF,1304,1,1,0.13803680981595093,0.558220970012513
Kobbie Mainoo,19.0,Manchester Utd,MF,1651,0,0,0.0,0.557511085093718
Rico Lewis,19.0,Manchester City,"DF,MF",1893,1,2,0.14263074484944532,0.557511085093718
Amadou Koné,19.0,Reims,MF,1293,0,0,0.0,0.557511085093718
Senny Mayulu,18.0,Paris S-G,MF,808,2,2,0.44554455445544555,0.557511085093718
Oscar Højlund,19.0,Eint Frankfurt,MF,722,1,0,0.12465373961218837,0.557511085093718
Lucas Bergvall,18.0,Tottenham,MF,1212,0,1,0.07425742574257425,0.557511085093718
Arda Güler,19.0,Real Madrid,"MF,FW",1250,3,4,0.504,0.557511085093718
Valentin Atangana Edoa,18.0,Reims,MF,2854,1,0,0.03153468815697267,0.557511085093718
Arthur Vermeeren,19.0,RB Leipzig,MF,1572,0,2,0.11450381679389314,0.557511085093718
Gavi,19.0,Barcelona,"MF,FW",1085,1,1,0.16589861751152074,0.557511085093718
Ngal'Ayel Mukau,19.0,Lille,MF,1190,0,1,0.07563025210084034,0.557511085093718
Warren Zaïre-Emery,18.0,Paris S-G,"MF,DF",2050,1,2,0.13170731707317074,0.557511085093718
João Neves,19.0,Paris S-G,"MF,DF",1844,3,8,0.5368763557483731,0.557511085093718
Dario Essugo,19.0,Las Palmas,MF,1938,1,0,0.04643962848297213,0.557511085093718
Ayyoub Bouaddi,16.0,Lille,MF,1151,0,1,0.07819287576020852,0.557511085093718
Guimissongui Ouattara,18.0,Strasbourg,"DF,FW",471,1,1,0.38216560509554137,0.557511085093718
Jaydee Canvot,18.0,Toulouse,"DF,MF",1106,0,0,0.0,0.557511085093718
Mathys Tel,19.0,Tottenham,FW,911,2,1,0.296377607025247,0.5539619745308262
Diego Moreira,19.0,Strasbourg,"DF,MF",2568,2,7,0.31542056074766356,0.5499659259986952
Antonio Nusa,19.0,RB Leipzig,"MF,DF",1558,3,3,0.3465982028241335,0.5499659259986952
Jesus Rodríguez,18.0,Betis,FW,1111,2,0,0.162016201620162,0.5499659259986952
Jean Mattéo Bahoya,19.0,Eint Frankfurt,"MF,FW",921,2,3,0.488599348534202,0.5499659259986952
Johan Manzambi,18.0,Freiburg,"FW,MF",335,2,1,0.8059701492537313,0.5499659259986952
Wilson Odobert,19.0,Tottenham,"FW,MF",850,1,0,0.10588235294117647,0.5499659259986952
Vitor Roque,19.0,Betis,FW,1235,4,0,0.29149797570850206,0.5499659259986952
Lucas Stassin,19.0,Saint-Étienne,FW,1887,12,4,0.7631160572337043,0.5499659259986952
Stefan Bajcetic,19.0,Las Palmas,"MF,DF",969,1,0,0.09287925696594426,0.5499659259986952
Santiago Castro,19.0,Bologna,FW,2294,8,4,0.4707933740191805,0.5499659259986952
Mert Kömür,19.0,Augsburg,MF,654,2,1,0.41284403669724773,0.5499659259986952
Badredine Bouanani,19.0,Nice,"MF,FW",1099,3,3,0.4913557779799818,0.5499659259986952
Lamine Yamal,17.0,Barcelona,FW,2856,9,13,0.6932773109243697,0.5499659259986952
Mamadou Diakhon,18.0,Reims,"FW,MF",858,2,1,0.3146853146853147,0.5499659259986952
Can Uzun,18.0,Eint Frankfurt,"MF,FW",675,4,1,0.6666666666666666,0.5499659259986952
Tom Bischof,19.0,Hoffenheim,"MF,FW",2559,5,2,0.246189917936694,0.5499659259986952
Facundo Buonanotte,19.0,Leicester City,"FW,MF",1523,5,2,0.41365725541694026,0.5499659259986952
Jamie Gittens,19.0,Dortmund,"FW,MF",1776,8,3,0.5574324324324325,0.5499659259986952
Malick Fofana,19.0,Lyon,FW,1589,5,4,0.5097545626179988,0.5499659259986952
Paul Wanner,18.0,Heidenheim,"MF,FW",1771,3,2,0.2540937323546019,0.5499659259986952
Matias Fernandez-Pardo,19.0,Lille,"FW,MF",1065,4,2,0.5070422535211268,0.5499659259986952
Patrick Dorgu,19.0,Lecce,"DF,FW",1840,3,1,0.1956521739130435,0.5499659259986952
Bahereba Guirassy,17.0,Nantes,"FW,MF",348,2,0,0.5172413793103449,0.5377686165816548
Bazoumana Touré,18.0,Hoffenheim,"FW,MF",609,0,3,0.4433497536945813,0.5359559244054753
Nelson Weiper,19.0,Mainz 05,"FW,MF",704,3,2,0.6392045454545455,0.5359559244054753
Tom Rothe,19.0,Union Berlin,"DF,MF",1670,3,3,0.32335329341317365,0.5359559244054753
Umut Tohumcu,19.0,Hoffenheim,"MF,FW",375,0,1,0.24,0.5198750329070259
Jeff Ekhator,17.0,Genoa,"FW,MF",769,1,1,0.2340702210663199,0.5179930404455517
Mikey Moore,16.0,Tottenham,FW,366,0,1,0.24590163934426232,0.4860285252312432
Kevin Zeroli,19.0,Monza,MF,395,0,1,0.22784810126582278,0.44935428601099453
Mohamed Meité,16.0,Rennes,FW,544,2,0,0.33088235294117646,0.4356902271760832
Mohamed Haj,19.0,Parma,MF,453,1,2,0.5960264900662252,0.41536179498666004
Aljoscha Kemlein,19.0,Union Berlin,MF,922,1,0,0.09761388286334058,0.41536179498666004
Othmane Maamma,18.0,Montpellier,"FW,MF",361,1,1,0.4986149584487535,0.40790694858217186
Iker Bravo,19.0,Udinese,"FW,MF",682,2,1,0.3958944281524927,0.3950252098958085
Archie Gray,18.0,Tottenham,"DF,MF",1751,0,0,0.0,0.38854975043413037
Kacper Urbanski,19.0,Monza,MF,500,0,0,0.0,0.38854975043413037
Eybi Nije,19.0,Torino,"FW,MF",394,1,0,0.22842639593908629,0.3883495932135081
Hafiz Ibrahim,18.0,Reims,FW,391,0,1,0.23017902813299235,0.3829882255777842
Mathis Amougou,18.0,Saint-Étienne,MF,859,0,0,0.0,0.38100459133910747
Rabby Nzingoula,18.0,Montpellier,MF,1689,1,0,0.05328596802841919,0.38100459133910747
Oliver Scarles,18.0,West Ham,"DF,FW",665,0,0,0.0,0.38100459133910747
Jeremy Agbonifo,18.0,Lens,"FW,MF",300,1,0,0.3,0.37523796174221424
Jhon Solis,19.0,Girona,MF,535,1,0,0.16822429906542055,0.36998447414679103
Sidiki Cherif,17.0,Angers,FW,324,0,0,0.0,0.3275219888079939
Orri Steinn Óskarsson,19.0,Real Sociedad,FW,944,3,0,0.2860169491525424,0.3071063430948705
Junior Ndiaye,19.0,Montpellier,FW,441,0,0,0.0,0.2884934003167037
Lewis Miley,18.0,Newcastle Utd,MF,313,1,0,0.28753993610223644,0.27569001464590864
Marc Domenech,18.0,Mallorca,"FW,MF",303,0,0,0.0,0.235425109505941
Marius Courcoul,17.0,Angers,"MF,DF",309,0,0,0.0,0.2042545457294895
